Stn Id,Stn Name,CIMIS Region,Date,Jul,ETo (mm),qc,Precip (mm),qc,Sol Rad (W/sq.m),qc,Avg Vap Pres (kPa),qc,Max Air Temp (C),qc,Min Air Temp (C),qc,Avg Air Temp (C),qc,Max Rel Hum (%),qc,Min Rel Hum (%),qc,Avg Rel Hum (%),qc,Dew Point (C),qc,Avg Wind Speed (m/s),qc,Wind Run (km),qc,Avg Soil Temp (C),qc
148,Merced,San Joaquin Valley,10/1/2017,274,4.79, ,0.00, ,227, ,0.9, ,26.7, ,8.2, ,18.0, ,93, ,19, ,42, ,5.0, ,2.2, ,187.1, ,18.6, 
148,Merced,San Joaquin Valley,10/2/2017,275,3.98, ,0.00, ,230, ,0.7,Y,25.4, ,4.5, ,14.8, ,85, ,19, ,42,Y,2.1,Y,1.5, ,127.1, ,18.1, 
148,Merced,San Joaquin Valley,10/3/2017,276,3.61, ,0.00, ,215, ,0.7, ,24.4, ,4.1, ,13.2, ,79, ,24, ,49, ,2.7, ,1.1, ,97.4, ,17.3, 
148,Merced,San Joaquin Valley,10/4/2017,277,3.82, ,0.00, ,223, ,0.8, ,27.0, ,2.1,Y,13.9, ,91, ,19, ,48, ,3.2, ,1.0, ,85.8, ,16.9,Y
148,Merced,San Joaquin Valley,10/5/2017,278,3.93, ,0.00, ,222, ,0.8, ,27.8, ,2.7,Y,14.1, ,95, ,18, ,48, ,3.2, ,1.1, ,94.5, ,16.6,Y
148,Merced,San Joaquin Valley,10/6/2017,279,3.68, ,0.00, ,218, ,0.8, ,30.5, ,2.9, ,15.1, ,91, ,16, ,49, ,4.5, ,0.8, ,68.2, ,16.4,Y
148,Merced,San Joaquin Valley,10/7/2017,280,3.78, ,0.00, ,215, ,0.9, ,31.1, ,4.8, ,16.6, ,91, ,16, ,48, ,5.6, ,0.9, ,74.0, ,16.5, 
148,Merced,San Joaquin Valley,10/8/2017,281,4.21, ,0.00, ,209, ,0.9, ,26.7, ,5.2, ,15.9, ,96, ,24, ,48, ,5.1, ,1.8, ,156.0, ,16.5, 
148,Merced,San Joaquin Valley,10/9/2017,282,3.68, ,0.00, ,208, ,0.7, ,27.7, ,3.6, ,13.9, ,92, ,13, ,46, ,2.5, ,1.1, ,96.6, ,16.3, 
148,Merced,San Joaquin Valley,10/10/2017,283,3.45, ,0.00, ,194, ,0.8, ,29.7, ,2.8, ,15.2, ,87, ,13, ,45, ,3.2, ,0.9, ,74.1, ,16.1, 
148,Merced,San Joaquin Valley,10/11/2017,284,3.82, ,0.00, ,177, ,0.7, ,23.7, ,4.4, ,14.3, ,92, ,26, ,44, ,2.1, ,2.1, ,182.0, ,16.0, 
148,Merced,San Joaquin Valley,10/12/2017,285,3.33, ,0.00, ,197, ,0.6,Y,22.8, ,1.1,Y,11.1,Y,88, ,20, ,46,Y,0.0,Y,1.4, ,123.4, ,15.6, 
148,Merced,San Joaquin Valley,10/13/2017,286,3.30, ,0.00, ,201, ,0.6, ,24.8, ,-0.3,Y,11.1,Y,95, ,19, ,48,Y,0.6,Y,1.0, ,84.6, ,15.0,Y
148,Merced,San Joaquin Valley,10/14/2017,287,3.08, ,0.00, ,199, ,0.7, ,25.7, ,-0.1,Y,11.2,Y,95, ,21, ,56,Y,2.6,Y,0.9, ,75.6, ,14.7,Y
148,Merced,San Joaquin Valley,10/15/2017,288,3.08, ,0.00, ,194, ,0.8, ,29.8, ,1.7,Y,13.1, ,96, ,14, ,52, ,3.6, ,0.7, ,59.1, ,14.5,Y
148,Merced,San Joaquin Valley,10/16/2017,289,2.81, ,0.00, ,179, ,0.8, ,30.5, ,2.0, ,13.6, ,93, ,15, ,52, ,4.0, ,0.7, ,59.6, ,14.5,Y
148,Merced,San Joaquin Valley,10/17/2017,290,2.69, ,0.00, ,151, ,0.9, ,28.8, ,4.4, ,15.1, ,91, ,21, ,50, ,4.7, ,0.9, ,76.2, ,14.6,Y
148,Merced,San Joaquin Valley,10/18/2017,291,2.99, ,0.00, ,181, ,0.8, ,29.3, ,2.3, ,13.3, ,95, ,13, ,53, ,3.8, ,0.8, ,67.7, ,14.7,Y
148,Merced,San Joaquin Valley,10/19/2017,292,2.85, ,0.10, ,171, ,1.0, ,27.0, ,2.0, ,14.8, ,93, ,27, ,58, ,6.5, ,1.2, ,103.3, ,14.5,Y
148,Merced,San Joaquin Valley,10/20/2017,293,2.47, ,4.90, ,167, ,1.1, ,18.8, ,8.2, ,13.1, ,96, ,46, ,73, ,8.3, ,2.3, ,196.6, ,,M
148,Merced,San Joaquin Valley,10/21/2017,294,2.75, ,0.00, ,186, ,0.9, ,21.8, ,5.7, ,12.2, ,95, ,32, ,66, ,6.0, ,1.3, ,116.5, ,14.9, 
148,Merced,San Joaquin Valley,10/22/2017,295,2.87, ,0.10, ,186, ,1.0, ,24.4, ,2.7, ,12.5, ,97, ,33, ,67, ,6.6, ,1.0, ,89.4, ,14.5, 
148,Merced,San Joaquin Valley,10/23/2017,296,2.84, ,0.10, ,182, ,1.1, ,28.3, ,5.0, ,14.9, ,97, ,29, ,65, ,8.5, ,0.9, ,74.0, ,14.5, 
148,Merced,San Joaquin Valley,10/24/2017,297,2.86, ,0.00, ,180, ,1.2, ,31.0, ,6.5, ,16.5, ,98, ,24, ,64, ,9.6, ,0.7, ,58.8, ,14.7, 
148,Merced,San Joaquin Valley,10/25/2017,298,2.93, ,0.10, ,176, ,1.2, ,32.3, ,7.0, ,17.4, ,97, ,24, ,61, ,9.7, ,0.7, ,64.0, ,14.9, 
148,Merced,San Joaquin Valley,10/26/2017,299,2.87, ,0.10, ,176, ,1.2, ,32.6, ,6.2, ,17.3, ,97, ,20, ,60, ,9.5, ,0.7, ,62.4, ,15.0, 
148,Merced,San Joaquin Valley,10/27/2017,300,2.86, ,0.10, ,171, ,1.2, ,31.8, ,7.6, ,17.4, ,96, ,23, ,59, ,9.4, ,0.8, ,70.2, ,15.1, 
148,Merced,San Joaquin Valley,10/28/2017,301,2.79,R,0.10, ,168, ,0.8,H,31.9, ,,S,,S,97,H,21,H,,Q,,Q,0.8, ,65.5, ,,M
148,Merced,San Joaquin Valley,10/29/2017,302,2.29,H,0.10, ,144, ,,S,,S,,S,,S,,H,,H,,Q,,Q,0.9, ,80.0, ,,S
148,Merced,San Joaquin Valley,10/30/2017,303,2.17,H,0.10, ,151, ,0.0,R,,S,,S,,S,,H,,H,,Q,,Q,1.1, ,98.7, ,,S
148,Merced,San Joaquin Valley,10/31/2017,304,2.12,H,0.00, ,140, ,,S,,S,,S,,S,,H,,H,,Q,,Q,0.8, ,68.8, ,,S
148,Merced,San Joaquin Valley,11/1/2017,305,2.01,H,0.10, ,154, ,0.1,R,18.3, ,,S,,S,56,H,51,H,,Q,,Q,0.7, ,61.3, ,,S
148,Merced,San Joaquin Valley,11/2/2017,306,1.96,R,0.10, ,52, ,0.1,R,,S,,S,,S,43,H,43,H,,Q,,Q,0.7, ,59.2, ,,M
148,Merced,San Joaquin Valley,11/3/2017,307,2.08,H,0.80, ,82, ,0.1,R,,S,,S,,S,,H,,H,,Q,,Q,1.5, ,129.4, ,,S
148,Merced,San Joaquin Valley,11/4/2017,308,2.01,H,0.10, ,111, ,0.0,R,,S,,S,,S,,H,,H,,Q,,Q,1.5, ,125.9, ,,S
148,Merced,San Joaquin Valley,11/5/2017,309,1.90,H,0.00, ,97, ,0.0,R,,S,,S,,S,,H,,H,,Q,,Q,1.3, ,116.4, ,,S
148,Merced,San Joaquin Valley,11/6/2017,310,1.87,H,0.00, ,148, ,0.0,R,,S,,S,,S,,H,,H,,Q,,Q,0.8, ,66.9, ,,S
148,Merced,San Joaquin Valley,11/7/2017,311,1.78,R,0.10, ,153, ,0.0,R,6.8,R,,S,,S,45,H,45,H,,Q,,Q,0.7, ,62.5, ,,S
148,Merced,San Joaquin Valley,11/8/2017,312,1.82,H,0.00, ,102, ,0.0,R,,S,,S,,S,,H,,H,,Q,,Q,1.5, ,132.9, ,,S
148,Merced,San Joaquin Valley,11/9/2017,313,1.76,H,0.80, ,118, ,0.0,R,,S,,S,,S,,H,,H,,Q,,Q,1.5, ,128.7, ,,S
148,Merced,San Joaquin Valley,11/10/2017,314,1.81,R,0.00, ,128, ,0.5,Y,35.1,R,,S,,S,80,H,57,H,,Q,,Q,1.5, ,129.5, ,,S
148,Merced,San Joaquin Valley,11/11/2017,315,1.60,R,0.10, ,139, ,0.2,R,20.0, ,,S,,S,57,H,47,H,,Q,,Q,1.0, ,82.1, ,,S
148,Merced,San Joaquin Valley,11/12/2017,316,1.65,A,,M,,M,,M,,M,,M,,M,,M,,M,,M,,M,,M,,M,,M
148,Merced,San Joaquin Valley,11/13/2017,317,1.60,A,,M,,M,,M,,M,,M,,M,,M,,M,,M,,M,,M,,M,,M
148,Merced,San Joaquin Valley,11/14/2017,318,1.37,H,0.00,H,164,R,3.7,R,,S,,S,,S,73,H,73,H,,Q,,Q,1.3,H,114.9,H,,S
148,Merced,San Joaquin Valley,11/15/2017,319,1.33,H,0.00, ,4, ,1.2,H,20.0, ,13.7,Y,15.9,H,76,H,48,H,66, ,9.6, ,0.8, ,73.2, ,13.9,H
148,Merced,San Joaquin Valley,11/16/2017,320,0.48, ,18.00, ,18, ,1.3, ,20.1, ,12.5,Y,15.2, ,97, ,48, ,74, ,10.7, ,1.5, ,128.1, ,14.2, 
148,Merced,San Joaquin Valley,11/17/2017,321,1.89, ,0.20, ,139, ,1.1, ,16.9, ,3.4, ,11.7, ,97, ,49, ,80, ,8.3, ,1.9, ,163.6, ,14.5, 
148,Merced,San Joaquin Valley,11/18/2017,322,1.63, ,0.10, ,134, ,0.9, ,18.8, ,1.3, ,8.0, ,98, ,48, ,81, ,5.0, ,0.8, ,69.4, ,13.5, 
148,Merced,San Joaquin Valley,11/19/2017,323,1.30, ,0.10, ,107, ,0.9, ,19.3, ,0.3, ,8.2, ,98, ,47, ,83, ,5.6, ,0.7, ,64.7, ,12.8, 
148,Merced,San Joaquin Valley,11/20/2017,324,0.87, ,0.00, ,62, ,1.1, ,20.0, ,7.2, ,13.1, ,97, ,48, ,75, ,8.9, ,1.0, ,84.1, ,13.1, 
148,Merced,San Joaquin Valley,11/21/2017,325,0.94, ,0.10, ,78, ,1.2, ,21.6, ,7.0, ,12.2, ,97, ,47, ,82, ,9.2, ,0.8, ,66.7, ,13.6, 
148,Merced,San Joaquin Valley,11/22/2017,326,1.37, ,0.10, ,101, ,1.1, ,24.0, ,4.0, ,12.1, ,98, ,42, ,80, ,8.7, ,0.6, ,55.2, ,13.4, 
148,Merced,San Joaquin Valley,11/23/2017,327,1.48, ,0.10, ,101, ,1.3, ,24.6,Y,6.6, ,14.2, ,98, ,47, ,79, ,10.6, ,0.9, ,77.8, ,13.5, 
148,Merced,San Joaquin Valley,11/24/2017,328,1.34, ,0.10, ,96, ,1.3,Y,23.6, ,9.2, ,14.8,Y,97, ,52, ,80,Y,11.3,Y,0.8, ,67.0, ,13.8, 
148,Merced,San Joaquin Valley,11/25/2017,329,1.40, ,0.10, ,91, ,1.2, ,23.9,Y,6.2, ,13.9, ,98, ,48, ,78, ,10.2, ,1.1, ,94.8, ,13.8, 
148,Merced,San Joaquin Valley,11/26/2017,330,0.69,R,2.30, ,36, ,1.2, ,22.9, ,9.4, ,15.3,Y,95, ,39, ,71,Y,10.1,Y,1.3, ,108.8, ,13.9, 
148,Merced,San Joaquin Valley,11/27/2017,331,1.47, ,4.60, ,113, ,1.0, ,15.7, ,3.0, ,10.5, ,95, ,52, ,76, ,6.5, ,1.6, ,139.6, ,14.1, 
148,Merced,San Joaquin Valley,11/28/2017,332,1.34, ,0.10, ,114, ,0.8, ,16.6, ,-0.3, ,7.6, ,98, ,52, ,81, ,4.4, ,0.9, ,81.7, ,13.0, 
148,Merced,San Joaquin Valley,11/29/2017,333,1.30, ,0.10, ,112, ,0.8, ,17.0, ,-0.2, ,6.9, ,98, ,53, ,83, ,4.3, ,0.7, ,63.8, ,12.4, 
148,Merced,San Joaquin Valley,11/30/2017,334,0.99, ,0.10, ,94, ,0.8, ,17.0, ,-0.9, ,5.9, ,98, ,57, ,89, ,4.2, ,0.7, ,60.8, ,11.9, 
148,Merced,San Joaquin Valley,12/1/2017,335,1.24, ,0.20, ,104, ,0.8, ,17.7, ,-0.3, ,7.0, ,99, ,52, ,84, ,4.5, ,0.7, ,56.6, ,11.5, 
148,Merced,San Joaquin Valley,12/2/2017,336,1.07, ,0.10, ,93, ,0.9, ,17.0, ,0.5, ,7.7, ,98, ,56, ,85, ,5.4, ,0.7, ,62.2, ,11.4, 
148,Merced,San Joaquin Valley,12/3/2017,337,1.77, ,0.00, ,116, ,0.8, ,15.2, ,0.6, ,9.6, ,97, ,44, ,68, ,4.1, ,2.1, ,177.6, ,11.7, 
148,Merced,San Joaquin Valley,12/4/2017,338,1.34, ,0.00, ,112, ,0.6, ,15.1, ,-3.5, ,3.7, ,98, ,45, ,77, ,0.1, ,1.0, ,87.9, ,11.1, 
148,Merced,San Joaquin Valley,12/5/2017,339,1.33, ,0.10, ,112, ,0.6, ,14.9, ,-5.4, ,3.0, ,97, ,37, ,76, ,-0.8, ,0.9, ,78.3, ,10.2, 
148,Merced,San Joaquin Valley,12/6/2017,340,1.36, ,0.00, ,113, ,0.5, ,16.9, ,-4.7, ,3.6, ,98, ,27, ,69, ,-1.6, ,0.7, ,60.5, ,9.7, 
148,Merced,San Joaquin Valley,12/7/2017,341,1.36, ,0.10, ,113, ,0.6, ,18.4, ,-4.5, ,4.2, ,96, ,28, ,68, ,-1.1, ,0.7, ,61.0, ,9.2, 
148,Merced,San Joaquin Valley,12/8/2017,342,1.49, ,0.10, ,109, ,0.6, ,19.0, ,-3.3, ,4.9, ,97, ,26, ,65, ,-1.1, ,0.8, ,70.5, ,9.0, 
148,Merced,San Joaquin Valley,12/9/2017,343,1.27, ,0.00, ,102, ,0.6, ,17.5, ,-4.7, ,4.4, ,97, ,33, ,69, ,-0.7, ,0.7, ,57.5, ,8.8, 
148,Merced,San Joaquin Valley,12/10/2017,344,1.36, ,0.00, ,109, ,0.6, ,18.2, ,-3.7, ,4.6, ,98, ,36, ,73, ,0.3, ,0.7, ,62.4, ,8.6, 
148,Merced,San Joaquin Valley,12/11/2017,345,1.17, ,0.10, ,97, ,0.6, ,17.7, ,-4.1, ,4.3, ,98, ,39, ,78, ,0.8, ,0.8, ,65.3, ,8.4, 
148,Merced,San Joaquin Valley,12/12/2017,346,1.33, ,0.00, ,108, ,0.6, ,17.4, ,-4.1, ,4.3, ,97, ,38, ,76, ,0.4, ,0.8, ,68.8, ,8.3, 
148,Merced,San Joaquin Valley,12/13/2017,347,1.27, ,0.10, ,105, ,0.6, ,17.1, ,-4.3, ,4.2, ,98, ,44, ,78, ,0.7, ,0.8, ,72.8, ,8.1, 
148,Merced,San Joaquin Valley,12/14/2017,348,1.37, ,0.00, ,106, ,0.6, ,19.3, ,-3.8, ,5.3, ,98, ,32, ,71, ,0.5, ,0.8, ,71.5, ,8.0, 
148,Merced,San Joaquin Valley,12/15/2017,349,1.09, ,0.00, ,85, ,0.7, ,18.4, ,-4.0, ,6.2, ,97, ,34, ,71, ,1.4, ,1.0, ,86.1, ,8.0, 
148,Merced,San Joaquin Valley,12/16/2017,350,1.85, ,0.00, ,98, ,0.6, ,17.4, ,0.9, ,8.7, ,90, ,24, ,57, ,0.8, ,2.4, ,203.9, ,8.6, 
148,Merced,San Joaquin Valley,12/17/2017,351,1.18, ,0.00, ,92, ,0.6, ,15.6, ,-3.1, ,4.7, ,96, ,35, ,68, ,-0.6, ,0.9, ,82.0, ,8.3, 
148,Merced,San Joaquin Valley,12/18/2017,352,1.28, ,0.00, ,96, ,0.5, ,17.8, ,-3.8, ,4.6, ,95, ,24, ,59, ,-2.7, ,0.8, ,71.4, ,8.0, 
148,Merced,San Joaquin Valley,12/19/2017,353,1.30, ,0.00, ,85, ,0.5, ,18.4, ,-4.5, ,6.4, ,94, ,23, ,55, ,-2.1, ,1.0, ,87.5, ,7.8, 
148,Merced,San Joaquin Valley,12/20/2017,354,1.37, ,3.60, ,91, ,0.7, ,12.3, ,2.0, ,7.6, ,95, ,41, ,71, ,2.6, ,2.5, ,215.1, ,8.4, 
148,Merced,San Joaquin Valley,12/21/2017,355,1.17, ,0.10, ,107, ,0.6, ,11.4, ,-5.1, ,2.4, ,96, ,48, ,78, ,-1.1, ,1.3, ,110.0, ,8.1, 
148,Merced,San Joaquin Valley,12/22/2017,356,1.00, ,0.10, ,89, ,0.6, ,12.3, ,-5.2, ,2.7, ,97, ,44, ,78, ,-0.8, ,1.1, ,92.3, ,7.6, 
148,Merced,San Joaquin Valley,12/23/2017,357,0.93, ,0.00, ,85, ,0.7, ,14.2, ,-2.6, ,5.2, ,97, ,40, ,76, ,1.2, ,0.8, ,70.3, ,7.7, 
148,Merced,San Joaquin Valley,12/24/2017,358,0.38, ,0.00, ,33, ,0.7, ,11.1, ,1.7, ,6.4, ,93, ,58, ,77, ,2.7, ,1.1, ,96.2, ,8.1, 
148,Merced,San Joaquin Valley,12/25/2017,359,0.91, ,0.00, ,79, ,0.7, ,14.5, ,-1.1, ,6.6, ,97, ,49, ,77, ,2.8, ,0.9, ,78.7, ,8.4, 
148,Merced,San Joaquin Valley,12/26/2017,360,1.33, ,0.00, ,104, ,0.7, ,17.8, ,0.0, ,7.4, ,96, ,32, ,67, ,1.6, ,0.9, ,76.9, ,8.6, 
148,Merced,San Joaquin Valley,12/27/2017,361,1.25, ,0.00, ,100, ,0.7, ,17.0, ,-2.9, ,4.9, ,96, ,46, ,78, ,1.4, ,1.0, ,88.6, ,8.2, 
148,Merced,San Joaquin Valley,12/28/2017,362,1.20, ,0.00, ,100, ,0.7, ,17.9, ,-2.7, ,5.4, ,96, ,41, ,75, ,1.4, ,0.8, ,69.2, ,8.0, 
148,Merced,San Joaquin Valley,12/29/2017,363,1.20, ,0.00, ,99, ,0.7, ,17.8, ,-2.1, ,5.7, ,96, ,44, ,76, ,1.7, ,0.7, ,63.5, ,7.9, 
148,Merced,San Joaquin Valley,12/30/2017,364,1.04, ,0.10, ,86, ,0.7, ,17.1, ,-2.6, ,5.2, ,95, ,49, ,80, ,2.0, ,0.8, ,70.3, ,7.8, 
148,Merced,San Joaquin Valley,12/31/2017,365,1.28, ,0.00, ,95, ,0.8, ,18.2, ,-0.2, ,7.8, ,96, ,43, ,73, ,3.2, ,1.0, ,84.5, ,8.0, 
148,Merced,San Joaquin Valley,1/1/2018,001,1.22, ,0.00, ,98, ,0.7, ,18.3, ,-1.6, ,7.0, ,97, ,40, ,74, ,2.6, ,0.9, ,77.2, ,8.2, 
148,Merced,San Joaquin Valley,1/2/2018,002,0.58, ,0.00, ,51, ,0.8, ,15.0, ,1.9, ,7.7, ,90, ,54, ,76, ,3.8, ,0.8, ,71.9, ,8.4, 
148,Merced,San Joaquin Valley,1/3/2018,003,0.45, ,0.50, ,40, ,0.9, ,13.9, ,1.2, ,8.2, ,95, ,62, ,83, ,5.5, ,1.2, ,101.1, ,8.6, 
148,Merced,San Joaquin Valley,1/4/2018,004,1.39, ,5.50, ,100, ,1.3,Y,20.7, ,8.8, ,12.8, ,95, ,64, ,85,Y,10.3,Y,2.0, ,172.3, ,9.4, 
148,Merced,San Joaquin Valley,1/5/2018,005,1.39, ,0.00, ,99, ,1.3,Y,22.5, ,6.4, ,14.4,Y,97, ,54, ,81,Y,11.1,Y,1.4, ,124.6, ,10.0, 
148,Merced,San Joaquin Valley,1/6/2018,006,0.09, ,5.50, ,25, ,1.2,Y,14.5, ,5.2, ,10.7, ,97, ,85, ,95,Y,9.8,Y,1.8, ,158.7, ,10.7, 
148,Merced,San Joaquin Valley,1/7/2018,007,0.87, ,0.10, ,77, ,1.2, ,18.1, ,4.0, ,10.5, ,98, ,67, ,91, ,9.2, ,1.2, ,104.6, ,10.5, 
148,Merced,San Joaquin Valley,1/8/2018,008,0.05, ,13.60, ,18, ,1.4,R,15.0, ,10.0,Y,12.9,Y,97, ,89, ,,R,,I,3.0,Y,257.4,Y,11.0, 
148,Merced,San Joaquin Valley,1/9/2018,009,0.21, ,9.70,H,28, ,1.3,Y,14.4, ,9.9,Y,12.1, ,96, ,84, ,92,Y,10.9,Y,2.0, ,176.7, ,11.8, 
148,Merced,San Joaquin Valley,1/10/2018,010,0.62, ,4.80,H,56, ,1.1, ,13.1, ,6.4, ,10.4, ,96, ,65, ,87, ,8.4, ,1.6, ,141.8, ,11.8, 
148,Merced,San Joaquin Valley,1/11/2018,011,1.28, ,2.30,H,105, ,1.1, ,17.1, ,4.6, ,10.0, ,97, ,64, ,86, ,7.8, ,1.0, ,89.6, ,11.6, 
148,Merced,San Joaquin Valley,1/12/2018,012,0.18, ,0.90, ,36, ,1.0, ,10.5, ,3.1, ,7.3, ,98, ,92, ,97, ,6.9, ,1.0, ,88.0, ,11.1, 
148,Merced,San Joaquin Valley,1/13/2018,013,0.14, ,0.50, ,28, ,1.1, ,11.3, ,8.9, ,9.6, ,94, ,85, ,91, ,8.2, ,1.3, ,110.0, ,11.3, 
148,Merced,San Joaquin Valley,1/14/2018,014,0.34, ,0.20, ,43, ,1.0, ,11.9, ,7.0, ,8.9, ,96, ,79, ,91, ,7.4, ,1.2, ,102.8, ,11.5, 
148,Merced,San Joaquin Valley,1/15/2018,015,0.34, ,0.10, ,47, ,1.1, ,14.1, ,5.1, ,8.4, ,98, ,79, ,95, ,7.7, ,1.2, ,107.9, ,11.3, 
148,Merced,San Joaquin Valley,1/16/2018,016,0.56, ,0.10, ,61, ,1.1, ,13.3, ,7.0, ,9.7, ,98, ,80, ,94, ,8.8, ,1.5, ,132.1, ,11.3, 
148,Merced,San Joaquin Valley,1/17/2018,017,0.23, ,0.10, ,35, ,1.1, ,12.4, ,5.6, ,9.5, ,97, ,81, ,91, ,8.2, ,1.3, ,116.0, ,11.7, 
148,Merced,San Joaquin Valley,1/18/2018,018,0.34, ,0.00, ,46, ,1.1, ,13.3, ,6.0, ,9.3, ,98, ,78, ,94, ,8.3, ,1.7, ,143.1, ,11.5, 
148,Merced,San Joaquin Valley,1/19/2018,019,1.68, ,0.10, ,111, ,0.9, ,14.6, ,2.0, ,8.9, ,95, ,42, ,77, ,5.0, ,2.7, ,234.5, ,11.5, 
148,Merced,San Joaquin Valley,1/20/2018,020,1.74, ,0.00, ,132, ,0.7, ,12.8, ,-0.7, ,5.1, ,96, ,42, ,75, ,1.1, ,2.0, ,172.5, ,10.6, 
148,Merced,San Joaquin Valley,1/21/2018,021,1.53, ,2.60, ,128, ,0.7, ,14.1, ,-2.1, ,5.0, ,98, ,45, ,77, ,1.3, ,1.1, ,91.7, ,9.8, 
148,Merced,San Joaquin Valley,1/22/2018,022,0.89, ,0.20, ,68, ,0.9, ,16.0, ,0.5, ,8.3, ,96, ,51, ,81, ,5.2, ,1.6, ,137.1, ,9.8, 
148,Merced,San Joaquin Valley,1/23/2018,023,0.80, ,0.10, ,78, ,1.0, ,13.7, ,1.8, ,8.4, ,97, ,70, ,90, ,6.9, ,1.4, ,123.5, ,10.4, 
148,Merced,San Joaquin Valley,1/24/2018,024,1.00, ,0.10, ,81, ,0.9, ,16.1, ,-1.3, ,7.1, ,99, ,54, ,85, ,4.7, ,1.7, ,150.0, ,10.1, 
148,Merced,San Joaquin Valley,1/25/2018,025,1.73, ,0.00, ,133, ,0.8, ,14.2, ,1.4, ,8.1, ,97, ,42, ,75, ,4.0, ,1.3, ,112.5, ,10.3, 
148,Merced,San Joaquin Valley,1/26/2018,026,1.66, ,0.50, ,132, ,0.7, ,14.5, ,-1.3, ,5.6, ,98, ,48, ,77, ,1.9, ,1.2, ,106.1, ,9.7, 
148,Merced,San Joaquin Valley,1/27/2018,027,1.68, ,0.00, ,131, ,0.7, ,15.9, ,-0.9, ,6.4, ,98, ,40, ,76, ,2.6, ,1.2, ,101.0, ,9.3, 
148,Merced,San Joaquin Valley,1/28/2018,028,1.77, ,0.70, ,140, ,0.8, ,17.1, ,-1.1, ,6.7, ,98, ,49, ,80, ,3.6, ,1.1, ,91.2, ,9.2, 
148,Merced,San Joaquin Valley,1/29/2018,029,1.16, ,0.00, ,93, ,0.9, ,15.9, ,0.8, ,7.7, ,97, ,60, ,84, ,5.2, ,1.2, ,99.4, ,9.2, 
148,Merced,San Joaquin Valley,1/30/2018,030,1.93, ,0.00, ,140, ,0.9, ,19.0, ,1.7, ,9.2, ,97, ,52, ,80, ,5.9, ,1.1, ,95.2, ,9.5, 
148,Merced,San Joaquin Valley,1/31/2018,031,1.65, ,0.10, ,129, ,0.9, ,19.0, ,1.2, ,8.1, ,98, ,53, ,84, ,5.6, ,0.9, ,78.8, ,9.6, 
148,Merced,San Joaquin Valley,2/1/2018,032,1.52, ,0.00, ,115, ,1.0, ,20.0, ,3.3, ,10.0, ,97, ,47, ,79, ,6.5, ,0.9, ,79.7, ,9.7, 
148,Merced,San Joaquin Valley,2/2/2018,033,1.65, ,0.00, ,122, ,1.0, ,21.5, ,3.4, ,10.8, ,97, ,44, ,77, ,6.9, ,1.0, ,83.0, ,9.9, 
148,Merced,San Joaquin Valley,2/3/2018,034,1.96, ,0.00, ,140, ,1.0, ,22.9,Y,2.5, ,11.0, ,97, ,41, ,76, ,7.0, ,1.0, ,85.9, ,10.1, 
148,Merced,San Joaquin Valley,2/4/2018,035,1.90, ,0.00, ,129, ,1.0, ,21.9, ,3.3, ,11.3, ,98, ,46, ,77, ,7.3, ,1.1, ,98.1, ,10.2, 
148,Merced,San Joaquin Valley,2/5/2018,036,1.93, ,0.00, ,138, ,1.0, ,22.1, ,3.6, ,11.5, ,97, ,47, ,77, ,7.6, ,1.1, ,93.3, ,10.4, 
148,Merced,San Joaquin Valley,2/6/2018,037,2.03, ,0.00, ,148, ,1.0, ,21.3, ,3.2, ,10.6, ,98, ,42, ,75, ,6.3, ,1.1, ,94.8, ,10.4, 
148,Merced,San Joaquin Valley,2/7/2018,038,2.25, ,0.00, ,150, ,1.0, ,24.2,Y,3.3, ,12.2, ,97, ,32, ,70, ,6.9, ,1.0, ,86.8, ,10.5, 
148,Merced,San Joaquin Valley,2/8/2018,039,2.36, ,0.00, ,157, ,0.9, ,23.3,Y,2.3, ,11.4, ,97, ,32, ,68, ,5.7, ,1.1, ,91.5, ,10.5, 
148,Merced,San Joaquin Valley,2/9/2018,040,2.35, ,0.00, ,156, ,1.0, ,23.5,Y,2.9, ,11.6, ,97, ,34, ,70, ,6.2, ,1.0, ,87.4, ,10.6, 
148,Merced,San Joaquin Valley,2/10/2018,041,2.90, ,0.00, ,145, ,0.8, ,21.2, ,2.8, ,11.1, ,97, ,25, ,59, ,3.5, ,2.2, ,192.5, ,10.6, 
148,Merced,San Joaquin Valley,2/11/2018,042,2.07, ,0.00, ,121, ,0.6, ,19.2, ,-0.1, ,9.0, ,91, ,24, ,56, ,0.6, ,1.9, ,160.0, ,10.3, 
148,Merced,San Joaquin Valley,2/12/2018,043,1.70, ,0.00, ,133, ,0.7, ,14.8, ,0.3, ,6.7, ,97, ,39, ,71, ,1.8, ,1.3, ,110.9, ,10.1, 
148,Merced,San Joaquin Valley,2/13/2018,044,2.35, ,0.10, ,167, ,0.6, ,17.0, ,-2.3, ,6.2, ,97, ,29, ,65, ,0.2, ,1.5, ,127.1, ,9.5, 
148,Merced,San Joaquin Valley,2/14/2018,045,2.67, ,0.00, ,149, ,0.6, ,19.1, ,0.5, ,9.1, ,92, ,20, ,50, ,-0.7, ,2.1, ,178.6, ,9.4, 
148,Merced,San Joaquin Valley,2/15/2018,046,2.82, ,0.00, ,176, ,0.6, ,17.7, ,-0.3, ,7.8, ,95, ,24, ,59, ,0.4, ,2.5, ,213.4, ,9.5, 
148,Merced,San Joaquin Valley,2/16/2018,047,2.60, ,0.00, ,174, ,0.5, ,19.0, ,-2.3, ,7.1, ,95, ,19, ,54, ,-1.6, ,1.3, ,110.9, ,9.1, 
148,Merced,San Joaquin Valley,2/17/2018,048,2.64, ,0.00, ,175, ,0.6, ,21.6, ,-1.2, ,8.9, ,91, ,22, ,52, ,-0.3, ,1.1, ,93.1, ,9.1, 
148,Merced,San Joaquin Valley,2/18/2018,049,3.26, ,0.00, ,177, ,0.7, ,17.3, ,0.2, ,8.5, ,94, ,30, ,59, ,0.9, ,2.9, ,251.5, ,9.2, 
148,Merced,San Joaquin Valley,2/19/2018,050,2.69, ,0.00, ,178, ,0.4,Y,11.3, ,-4.5,Y,3.3,Y,95, ,25, ,57,Y,-4.5,Y,2.4, ,205.5, ,8.8, 
148,Merced,San Joaquin Valley,2/20/2018,051,2.22, ,0.00, ,173, ,0.4,Y,13.0, ,-7.5,Y,2.9,Y,93, ,15, ,49,Y,-6.8,Y,1.1, ,97.0, ,8.0, 
148,Merced,San Joaquin Valley,2/21/2018,052,2.53, ,0.00, ,185, ,0.4,Y,13.8, ,-5.3,Y,3.6,Y,92, ,23, ,50,Y,-5.8,Y,1.2, ,106.8, ,7.8, 
148,Merced,San Joaquin Valley,2/22/2018,053,1.99, ,0.00, ,136, ,0.5,Y,13.4, ,-4.3,Y,4.7, ,87, ,33, ,64,Y,-1.6,Y,1.9, ,164.9, ,7.7, 
148,Merced,San Joaquin Valley,2/23/2018,054,2.74, ,0.00, ,184, ,0.5,Y,11.5, ,-3.6, ,4.1,Y,97, ,23, ,56,Y,-3.9,Y,2.7, ,236.0, ,7.8, 
148,Merced,San Joaquin Valley,2/24/2018,055,2.68, ,0.00, ,179, ,0.5,Y,14.8, ,-5.9,Y,5.3, ,92, ,21, ,52,Y,-3.7,Y,1.7, ,149.7, ,7.5,Y
148,Merced,San Joaquin Valley,2/25/2018,056,2.66, ,0.00, ,193, ,0.6, ,16.2, ,-2.3, ,6.9, ,95, ,23, ,58, ,-0.7, ,1.5, ,132.4, ,7.9,Y
148,Merced,San Joaquin Valley,2/26/2018,057,0.26, ,5.80,H,41, ,0.7, ,8.4,Y,-0.5, ,4.9, ,95, ,65, ,85, ,2.6, ,1.8, ,152.2, ,7.9,Y
148,Merced,San Joaquin Valley,2/27/2018,058,1.39, ,4.10,H,127, ,0.7, ,11.7, ,2.4, ,5.9, ,95, ,50, ,80, ,2.7, ,1.6, ,136.3, ,8.2, 
148,Merced,San Joaquin Valley,2/28/2018,059,2.52, ,0.40, ,168, ,0.7, ,15.9, ,-0.5, ,7.6, ,97, ,31, ,64, ,1.4, ,2.0, ,172.5, ,8.3, 
148,Merced,San Joaquin Valley,3/1/2018,060,0.82, ,10.70, ,60, ,1.0, ,11.6, ,7.0, ,9.1, ,95, ,71, ,86, ,6.9, ,4.7,R,403.3,R,8.8, 
148,Merced,San Joaquin Valley,3/2/2018,061,1.01, ,10.90,H,96, ,1.0, ,11.5, ,5.6, ,8.1, ,96, ,74, ,88, ,6.3, ,2.4, ,207.2, ,9.3, 
148,Merced,San Joaquin Valley,3/3/2018,062,1.83, ,4.60,H,154, ,0.8, ,12.8, ,2.2, ,7.1, ,96, ,45, ,78, ,3.5, ,1.5, ,132.9, ,9.4, 
148,Merced,San Joaquin Valley,3/4/2018,063,2.67, ,2.10,H,207, ,0.7, ,13.7, ,-0.1, ,6.7, ,98, ,43, ,70, ,1.7, ,1.7, ,147.0, ,9.1, 
148,Merced,San Joaquin Valley,3/5/2018,064,2.79, ,5.00,H,216, ,0.7, ,16.5, ,-1.5, ,6.8, ,98, ,35, ,69, ,1.4, ,1.2, ,100.1, ,8.8, 
148,Merced,San Joaquin Valley,3/6/2018,065,2.98, ,1.20,H,211, ,0.7, ,20.5, ,0.0, ,9.0, ,98, ,25, ,65, ,2.7, ,1.1, ,91.7, ,8.9, 
148,Merced,San Joaquin Valley,3/7/2018,066,2.85, ,0.40, ,165, ,0.9, ,24.0, ,4.1, ,12.0, ,95, ,24, ,61, ,4.7, ,1.4, ,121.7, ,9.3, 
148,Merced,San Joaquin Valley,3/8/2018,067,3.49, ,0.10, ,214, ,1.0, ,23.3, ,5.0, ,14.1, ,93, ,32, ,62, ,7.0, ,1.5, ,130.6, ,9.9, 
148,Merced,San Joaquin Valley,3/9/2018,068,3.25, ,0.00, ,193, ,1.1, ,21.2, ,7.7, ,14.1, ,96, ,47, ,69, ,8.5, ,1.8, ,156.1, ,10.7, 
148,Merced,San Joaquin Valley,3/10/2018,069,1.02, ,0.10, ,77, ,1.2, ,17.9, ,6.5, ,12.5, ,95, ,61, ,79, ,9.1, ,1.5, ,132.6, ,11.0, 
148,Merced,San Joaquin Valley,3/11/2018,070,2.77, ,0.00, ,193, ,1.1, ,21.6, ,4.5, ,11.8, ,98, ,49, ,79, ,8.4, ,1.2, ,101.0, ,11.0, 
148,Merced,San Joaquin Valley,3/12/2018,071,3.77, ,0.00, ,199, ,1.2, ,26.0, ,7.4, ,16.7, ,96, ,34, ,66, ,10.2, ,2.2, ,192.8, ,11.4, 
148,Merced,San Joaquin Valley,3/13/2018,072,0.92, ,0.10, ,73, ,1.5,Y,20.1, ,8.8, ,14.4, ,95, ,79, ,89,Y,12.6,Y,3.1, ,269.7, ,12.4, 
148,Merced,San Joaquin Valley,3/14/2018,073,1.18, ,0.00, ,98, ,1.0, ,14.3, ,7.5, ,10.2, ,97, ,54, ,83, ,7.4, ,1.7, ,148.0, ,12.2, 
148,Merced,San Joaquin Valley,3/15/2018,074,2.71, ,0.00, ,196, ,0.8, ,15.3, ,3.7, ,9.5, ,92, ,35, ,68, ,3.9, ,2.0, ,170.8, ,11.7, 
148,Merced,San Joaquin Valley,3/16/2018,075,0.99, ,0.10, ,85, ,1.0, ,13.2, ,5.1, ,8.6, ,94, ,67, ,85, ,6.2, ,2.8, ,241.7, ,11.6, 
148,Merced,San Joaquin Valley,3/17/2018,076,2.53, ,0.00, ,189, ,0.8, ,14.5, ,1.6, ,7.4, ,95, ,50, ,76, ,3.4, ,1.6, ,141.4, ,11.2, 
148,Merced,San Joaquin Valley,3/18/2018,077,2.25, ,0.00, ,179, ,0.8, ,14.5, ,-0.9, ,7.2, ,98, ,47, ,76, ,3.3, ,1.1, ,94.8, ,10.7, 
148,Merced,San Joaquin Valley,3/19/2018,078,2.99, ,0.10, ,216, ,0.9, ,19.6, ,-0.1, ,9.7, ,98, ,34, ,71, ,4.8, ,1.1, ,93.7, ,10.7, 
148,Merced,San Joaquin Valley,3/20/2018,079,0.39, ,0.00, ,42, ,1.1, ,15.3, ,8.6, ,11.2, ,91, ,62, ,83, ,8.4, ,2.5, ,212.7, ,11.0, 
148,Merced,San Joaquin Valley,3/21/2018,080,1.03, ,0.00, ,79, ,1.5,Y,17.7, ,11.3,Y,14.5, ,95, ,81, ,90,Y,12.8,Y,4.5,Y,385.6,Y,11.5, 
148,Merced,San Joaquin Valley,3/22/2018,081,1.35, ,0.10, ,93, ,1.4, ,19.7, ,5.8, ,13.6, ,95, ,72, ,88, ,11.6, ,3.7, ,320.7, ,12.7, 
148,Merced,San Joaquin Valley,3/23/2018,082,3.45, ,0.00, ,252, ,0.8, ,16.4, ,3.3, ,9.2, ,93, ,38, ,65, ,2.9, ,2.0, ,174.1, ,12.1, 
148,Merced,San Joaquin Valley,3/24/2018,083,2.53, ,0.10, ,188, ,0.8, ,16.2, ,1.4, ,8.6, ,97, ,47, ,76, ,4.5, ,1.5, ,132.8, ,11.3, 
148,Merced,San Joaquin Valley,3/25/2018,084,3.80, ,0.00, ,252, ,0.7, ,14.9, ,3.1, ,8.6, ,91, ,35, ,63, ,2.1, ,3.0, ,261.5, ,11.0, 
148,Merced,San Joaquin Valley,3/26/2018,085,3.76, ,0.00, ,259, ,0.7, ,17.4, ,2.3, ,9.3, ,91, ,31, ,62, ,2.4, ,2.0, ,177.0, ,10.7, 
148,Merced,San Joaquin Valley,3/27/2018,086,3.85, ,0.00, ,254, ,0.8, ,20.7, ,1.4, ,10.8, ,96, ,34, ,64, ,4.3, ,1.3, ,114.2, ,10.7, 
148,Merced,San Joaquin Valley,3/28/2018,087,4.10, ,0.00, ,257, ,1.0, ,23.4, ,3.9, ,13.9, ,97, ,35, ,65, ,7.3, ,1.1, ,96.0, ,11.1, 
148,Merced,San Joaquin Valley,3/29/2018,088,4.13, ,0.00,R,133, ,1.4, ,28.2, ,10.5, ,17.9, ,97, ,38, ,68, ,11.9, ,1.0, ,86.8, ,12.3, 
148,Merced,San Joaquin Valley,3/30/2018,089,4.21, ,0.10, ,241, ,1.4, ,27.2, ,7.8, ,17.3, ,98, ,40, ,69, ,11.4, ,1.2, ,103.8, ,12.4, 
148,Merced,San Joaquin Valley,3/31/2018,090,3.84, ,0.10, ,227, ,1.3, ,27.0, ,7.0, ,16.4, ,98, ,37, ,71, ,11.1, ,1.1, ,98.3, ,12.9, 
148,Merced,San Joaquin Valley,4/1/2018,091,4.51, ,0.10, ,272, ,1.1, ,25.8, ,5.2, ,15.6, ,97, ,34, ,65, ,8.9, ,1.5, ,133.1, ,12.9, 
148,Merced,San Joaquin Valley,4/2/2018,092,4.58, ,0.00, ,262, ,1.2, ,23.7, ,7.2, ,15.4, ,93, ,41, ,66, ,9.1, ,2.2, ,190.3, ,13.0, 
148,Merced,San Joaquin Valley,4/3/2018,093,4.49, ,0.00, ,276, ,1.0, ,25.4, ,5.0, ,14.9, ,97, ,25, ,58, ,6.8, ,1.3, ,116.5, ,13.0, 
148,Merced,San Joaquin Valley,4/4/2018,094,4.60, ,0.00, ,244, ,1.0, ,26.4, ,8.0, ,16.7, ,94, ,26, ,54, ,7.5, ,1.8, ,153.0, ,13.1, 
148,Merced,San Joaquin Valley,4/5/2018,095,3.41, ,0.00, ,169, ,0.9, ,22.4, ,8.9, ,15.1, ,80, ,28, ,54, ,5.8, ,2.4, ,209.9, ,13.5, 
148,Merced,San Joaquin Valley,4/6/2018,096,0.77, ,9.70, ,75, ,1.5,Y,16.7, ,12.1,Y,14.5, ,94, ,77, ,89,Y,12.7,Y,2.7, ,233.5, ,13.7, 
148,Merced,San Joaquin Valley,4/7/2018,097,3.10, ,14.40, ,191, ,1.4, ,21.1, ,10.5, ,15.9, ,96, ,50, ,78, ,12.0, ,2.8, ,243.3, ,14.3, 
148,Merced,San Joaquin Valley,4/8/2018,098,4.57, ,0.00, ,283, ,1.1, ,19.6, ,8.2, ,13.2, ,91, ,46, ,70, ,7.8, ,3.2, ,273.4, ,14.0, 
148,Merced,San Joaquin Valley,4/9/2018,099,4.35, ,0.10, ,272, ,1.2, ,24.6, ,5.0, ,14.9, ,97, ,44, ,73, ,10.1, ,1.6, ,141.2, ,13.7, 
148,Merced,San Joaquin Valley,4/10/2018,100,4.27, ,0.00, ,223, ,1.4, ,24.7, ,11.1, ,17.2, ,95, ,35, ,69, ,11.4, ,2.5, ,219.5, ,14.4, 
148,Merced,San Joaquin Valley,4/11/2018,101,3.46, ,1.20, ,203, ,1.0, ,20.4, ,7.4, ,13.2, ,92, ,39, ,66, ,6.9, ,2.8, ,241.1, ,14.4, 
148,Merced,San Joaquin Valley,4/12/2018,102,4.67, ,0.10, ,291, ,0.8, ,16.0, ,4.6, ,10.5, ,93, ,36, ,63, ,3.7, ,3.3, ,286.1, ,13.7, 
148,Merced,San Joaquin Valley,4/13/2018,103,4.22, ,0.00, ,291, ,0.9, ,19.8, ,4.2, ,11.6, ,94, ,38, ,65, ,5.3, ,1.7, ,147.8, ,13.2, 
148,Merced,San Joaquin Valley,4/14/2018,104,4.72, ,0.00, ,294, ,1.0, ,24.0, ,4.3, ,14.5, ,96, ,31, ,63, ,7.5, ,1.2, ,99.6, ,13.3, 
148,Merced,San Joaquin Valley,4/15/2018,105,5.29, ,0.50, ,278, ,1.0, ,25.4, ,8.5, ,16.1, ,93, ,23, ,56, ,7.2, ,2.3, ,202.4, ,13.8, 
148,Merced,San Joaquin Valley,4/16/2018,106,1.84, ,18.20, ,154, ,0.9, ,15.4, ,4.7, ,8.1, ,96, ,51, ,84, ,5.6, ,1.6, ,142.3, ,13.7, 
148,Merced,San Joaquin Valley,4/17/2018,107,4.03, ,0.10, ,296, ,0.9, ,17.1, ,2.2, ,9.3, ,97, ,45, ,74, ,4.9, ,1.4, ,121.0, ,12.8, 
148,Merced,San Joaquin Valley,4/18/2018,108,2.67, ,0.00, ,185, ,0.9, ,16.6, ,4.1, ,10.4, ,97, ,50, ,74, ,5.9, ,1.5, ,129.0, ,12.8, 
148,Merced,San Joaquin Valley,4/19/2018,109,5.05, ,0.00, ,301, ,0.8, ,19.3, ,4.8, ,12.0, ,92, ,31, ,59, ,4.3, ,3.0, ,259.6, ,12.8, 
148,Merced,San Joaquin Valley,4/20/2018,110,4.87, ,0.00, ,304, ,1.1, ,23.3, ,3.7, ,13.8, ,96, ,40, ,67, ,7.7, ,1.5, ,133.6, ,12.8, 
148,Merced,San Joaquin Valley,4/21/2018,111,5.23, ,0.10, ,300, ,1.2, ,25.9, ,6.2, ,16.4, ,97, ,33, ,63, ,9.3, ,1.3, ,112.7, ,13.3, 
148,Merced,San Joaquin Valley,4/22/2018,112,5.30, ,0.10, ,301, ,1.4, ,28.0, ,8.1, ,17.9, ,97, ,37, ,67, ,11.7, ,1.2, ,106.4, ,14.1, 
148,Merced,San Joaquin Valley,4/23/2018,113,5.38, ,0.10, ,300, ,1.4, ,29.1, ,8.1, ,18.6, ,97, ,34, ,66, ,12.1, ,1.2, ,107.1, ,14.6, 
148,Merced,San Joaquin Valley,4/24/2018,114,5.55, ,0.00, ,308, ,1.3, ,29.3, ,8.7, ,19.3, ,97, ,33, ,60, ,11.3, ,1.5, ,133.5, ,15.0, 
148,Merced,San Joaquin Valley,4/25/2018,115,5.56, ,0.00, ,304, ,1.2, ,27.8, ,9.0, ,18.4, ,84, ,36, ,57, ,9.8, ,1.8, ,153.7, ,15.3, 
148,Merced,San Joaquin Valley,4/26/2018,116,5.48, ,0.00, ,297, ,1.1, ,26.4, ,10.0, ,17.5, ,86, ,31, ,55, ,8.4, ,2.3, ,201.1, ,15.5, 
148,Merced,San Joaquin Valley,4/27/2018,117,5.34, ,0.00, ,312, ,1.0, ,21.0, ,7.8, ,14.6, ,86, ,42, ,60, ,6.9, ,3.0, ,263.2, ,15.4, 
148,Merced,San Joaquin Valley,4/28/2018,118,5.22, ,0.00, ,312, ,1.0, ,20.6, ,7.6, ,14.1, ,92, ,41, ,61, ,6.8, ,2.8, ,245.5, ,15.2, 
148,Merced,San Joaquin Valley,4/29/2018,119,4.15, ,0.00, ,248, ,1.0, ,19.2, ,7.8, ,13.3, ,89, ,47, ,65, ,6.8, ,2.6, ,220.3, ,15.0, 
148,Merced,San Joaquin Valley,4/30/2018,120,4.00, ,0.00, ,249, ,1.0, ,20.8, ,6.6, ,13.4, ,95, ,44, ,67, ,7.4, ,2.0, ,169.8, ,15.0, 
148,Merced,San Joaquin Valley,5/1/2018,121,4.87, ,0.00, ,301, ,1.1, ,23.7, ,5.9, ,14.3, ,92, ,36, ,67, ,8.2, ,1.6, ,136.9, ,15.0, 
148,Merced,San Joaquin Valley,5/2/2018,122,5.18, ,0.00, ,317, ,1.1, ,23.6, ,5.4, ,15.1, ,96, ,36, ,63, ,8.2, ,1.5, ,127.4, ,15.2, 
148,Merced,San Joaquin Valley,5/3/2018,123,5.49, ,0.00, ,316, ,1.2, ,25.1, ,6.2, ,16.4, ,95, ,39, ,64, ,9.7, ,1.6, ,134.7, ,15.2, 
148,Merced,San Joaquin Valley,5/4/2018,124,5.54, ,0.00, ,299, ,1.2, ,28.6, ,7.2, ,18.8, ,95, ,29, ,55, ,9.7, ,1.6, ,136.9, ,15.5, 
148,Merced,San Joaquin Valley,5/5/2018,125,4.66, ,0.00, ,244, ,1.3, ,30.2, ,10.0, ,19.5, ,92, ,31, ,55, ,10.3, ,1.4, ,120.1, ,15.9, 
148,Merced,San Joaquin Valley,5/6/2018,126,5.55, ,0.00, ,299, ,1.1, ,26.0, ,9.9, ,17.6, ,82, ,33, ,54, ,8.2, ,2.5, ,213.8, ,16.2, 
148,Merced,San Joaquin Valley,5/7/2018,127,6.01, ,0.00, ,330, ,1.2, ,28.3, ,9.7, ,19.0, ,91, ,29, ,56, ,9.9, ,1.9, ,160.3, ,16.3, 
148,Merced,San Joaquin Valley,5/8/2018,128,5.28, ,0.00, ,273, ,1.3, ,29.4, ,9.2, ,20.3, ,95, ,32, ,53, ,10.5, ,1.7, ,143.1, ,16.4, 
148,Merced,San Joaquin Valley,5/9/2018,129,6.39, ,0.00, ,327, ,1.2, ,27.1, ,12.3, ,19.4, ,82, ,31, ,52, ,9.4, ,2.9, ,250.1, ,16.7, 
148,Merced,San Joaquin Valley,5/10/2018,130,5.69, ,0.00, ,310, ,1.2, ,27.2, ,9.7, ,18.3, ,88, ,36, ,59, ,10.2, ,2.0, ,168.5, ,16.7, 
148,Merced,San Joaquin Valley,5/11/2018,131,6.52, ,0.00, ,325, ,1.0, ,25.5, ,9.2, ,17.9, ,90, ,25, ,49, ,6.9, ,2.7, ,234.1, ,16.6, 
148,Merced,San Joaquin Valley,5/12/2018,132,5.94, ,0.00, ,338, ,0.9, ,26.8, ,5.1, ,16.9, ,86, ,26, ,49, ,6.1, ,1.6, ,140.3, ,16.2, 
148,Merced,San Joaquin Valley,5/13/2018,133,5.87, ,0.00, ,330, ,1.2, ,25.5, ,8.0, ,17.4, ,89, ,36, ,58, ,9.2, ,2.1, ,178.8, ,16.3, 
148,Merced,San Joaquin Valley,5/14/2018,134,5.85, ,0.00, ,331, ,1.2, ,25.5, ,9.4, ,17.7, ,89, ,35, ,57, ,9.2, ,2.3, ,200.7, ,16.5, 
148,Merced,San Joaquin Valley,5/15/2018,135,5.78, ,0.00, ,328, ,1.2, ,25.2, ,9.4, ,17.2, ,89, ,40, ,60, ,9.3, ,2.5, ,213.8, ,16.6, 
148,Merced,San Joaquin Valley,5/16/2018,136,5.20, ,0.00, ,304, ,1.1, ,21.9, ,10.4, ,15.8, ,84, ,41, ,60, ,8.0, ,2.2, ,191.9, ,16.6, 
148,Merced,San Joaquin Valley,5/17/2018,137,5.82, ,0.00, ,331, ,1.2, ,25.3, ,9.3, ,17.6, ,87, ,41, ,60, ,9.8, ,2.3, ,198.2, ,16.5, 
148,Merced,San Joaquin Valley,5/18/2018,138,5.85, ,0.00, ,329, ,1.4, ,27.0, ,9.6, ,18.8, ,92, ,44, ,64, ,11.8, ,1.9, ,163.1, ,16.7, 
148,Merced,San Joaquin Valley,5/19/2018,139,6.17, ,0.00, ,337, ,1.2, ,26.8, ,10.1, ,18.2, ,92, ,38, ,59, ,9.9, ,2.1, ,183.1, ,16.9, 
148,Merced,San Joaquin Valley,5/20/2018,140,5.62, ,0.00, ,324, ,1.1, ,24.3, ,8.8, ,16.0, ,87, ,43, ,62, ,8.9, ,2.1, ,179.7, ,16.7, 
148,Merced,San Joaquin Valley,5/21/2018,141,4.68, ,0.00, ,285, ,1.3, ,25.8, ,8.6, ,16.9, ,92, ,43, ,65, ,10.3, ,1.4, ,120.1, ,16.5, 
148,Merced,San Joaquin Valley,5/22/2018,142,5.70, ,0.00, ,322, ,1.3, ,28.5, ,11.3, ,19.1, ,87, ,37, ,61, ,11.4, ,1.6, ,141.6, ,16.7, 
148,Merced,San Joaquin Valley,5/23/2018,143,5.86, ,0.00, ,334, ,1.3, ,26.2, ,10.4, ,18.0, ,92, ,41, ,63, ,10.9, ,2.2, ,192.9, ,16.9, 
148,Merced,San Joaquin Valley,5/24/2018,144,5.43, ,0.00, ,306, ,1.2, ,25.1, ,10.2, ,17.0, ,89, ,46, ,64, ,10.2, ,2.4, ,210.8, ,16.9, 
148,Merced,San Joaquin Valley,5/25/2018,145,2.43, ,0.70, ,161, ,1.3, ,20.6, ,10.7, ,14.9, ,93, ,54, ,74, ,10.3, ,1.3, ,115.9, ,16.8, 
148,Merced,San Joaquin Valley,5/26/2018,146,5.54, ,0.10, ,330, ,1.3, ,23.1, ,8.9, ,16.4, ,95, ,47, ,68, ,10.5, ,2.0, ,175.5, ,16.6, 
148,Merced,San Joaquin Valley,5/27/2018,147,5.91, ,0.00, ,342, ,1.4, ,27.6, ,8.3, ,18.9, ,95, ,39, ,64, ,12.0, ,1.4, ,119.1, ,16.7, 
148,Merced,San Joaquin Valley,5/28/2018,148,6.40, ,0.00, ,344, ,1.5, ,31.4, ,11.7, ,22.2, ,93, ,31, ,57, ,13.3, ,1.1, ,92.5, ,17.0, 
148,Merced,San Joaquin Valley,5/29/2018,149,6.69, ,0.00, ,337, ,1.6, ,34.7, ,13.3, ,24.7, ,94, ,29, ,50, ,13.7, ,1.2, ,103.9, ,17.5, 
148,Merced,San Joaquin Valley,5/30/2018,150,6.33, ,0.00, ,331, ,1.1, ,27.9, ,9.0, ,19.2, ,88, ,26, ,52, ,8.9, ,1.9, ,163.9, ,17.6, 
148,Merced,San Joaquin Valley,5/31/2018,151,5.91, ,0.00, ,353, ,0.9, ,23.6, ,5.6, ,15.2, ,91, ,34, ,54, ,6.0, ,1.8, ,159.5, ,17.1, 
148,Merced,San Joaquin Valley,6/1/2018,152,6.14, ,0.00, ,354, ,1.1, ,27.8, ,6.0, ,17.7, ,93, ,29, ,56, ,8.8, ,1.6, ,135.0, ,16.9, 
148,Merced,San Joaquin Valley,6/2/2018,153,6.44, ,0.00, ,352, ,1.4, ,33.2, ,8.6, ,21.4, ,96, ,29, ,56, ,12.4, ,1.0, ,86.4, ,17.1, 
148,Merced,San Joaquin Valley,6/3/2018,154,6.91, ,0.00, ,350, ,1.5, ,36.5, ,10.9, ,24.9, ,96, ,24, ,49, ,13.4, ,1.2, ,103.9, ,17.5, 
148,Merced,San Joaquin Valley,6/4/2018,155,7.49, ,0.00, ,355, ,1.2, ,32.7, ,11.9, ,23.6, ,78, ,24, ,40, ,9.1, ,2.1, ,183.7, ,17.9, 
148,Merced,San Joaquin Valley,6/5/2018,156,6.54, ,0.00, ,360, ,1.1, ,30.2, ,8.6, ,19.6, ,84, ,26, ,46, ,7.7, ,1.6, ,136.3, ,17.6, 
148,Merced,San Joaquin Valley,6/6/2018,157,6.18, ,0.00, ,343, ,1.2, ,28.5, ,8.2, ,18.6, ,92, ,33, ,56, ,9.7, ,1.6, ,134.0, ,17.4, 
148,Merced,San Joaquin Valley,6/7/2018,158,6.29, ,0.00, ,349, ,1.2, ,28.4, ,7.5, ,18.6, ,96, ,37, ,58, ,10.2, ,1.7, ,146.8, ,17.3, 
148,Merced,San Joaquin Valley,6/8/2018,159,6.73, ,0.00, ,354, ,1.2, ,30.9, ,6.8, ,20.7, ,96, ,28, ,49, ,9.6, ,1.7, ,147.1, ,17.3, 
148,Merced,San Joaquin Valley,6/9/2018,160,6.37, ,0.00, ,333, ,1.2, ,25.9, ,12.7, ,18.9, ,76, ,35, ,55, ,9.7, ,2.5, ,217.1, ,17.5, 
148,Merced,San Joaquin Valley,6/10/2018,161,6.82, ,0.00, ,362, ,0.8, ,26.2, ,10.2, ,18.5, ,73, ,18, ,39, ,4.5, ,2.5, ,213.1, ,17.2, 
148,Merced,San Joaquin Valley,6/11/2018,162,6.60, ,0.00, ,358, ,1.2, ,30.6, ,6.9, ,19.9, ,92, ,30, ,52, ,9.7, ,1.5, ,128.3, ,17.2, 
148,Merced,San Joaquin Valley,6/12/2018,163,6.79, ,0.00, ,354, ,1.5, ,34.6, ,9.0, ,22.4, ,97, ,28, ,54, ,12.7, ,1.1, ,90.8, ,17.5, 
148,Merced,San Joaquin Valley,6/13/2018,164,6.84, ,0.00, ,357, ,1.6, ,35.8, ,10.3, ,24.1, ,97, ,26, ,53, ,14.0, ,1.0, ,88.0, ,17.8, 
148,Merced,San Joaquin Valley,6/14/2018,165,6.93, ,0.00, ,359, ,1.3, ,36.3, ,10.2, ,23.1, ,94, ,24, ,44, ,10.3, ,1.2, ,102.5, ,18.1, 
148,Merced,San Joaquin Valley,6/15/2018,166,6.68, ,0.00, ,357, ,1.3, ,33.3, ,8.1, ,20.4, ,96, ,26, ,53, ,10.5, ,1.1, ,97.6, ,17.9, 
148,Merced,San Joaquin Valley,6/16/2018,167,6.43, ,0.00, ,356, ,1.2, ,30.3, ,7.0,Y,18.5, ,96, ,30, ,57, ,9.9, ,1.5, ,129.5, ,17.7, 
148,Merced,San Joaquin Valley,6/17/2018,168,5.73, ,0.00, ,340, ,1.2, ,27.2, ,6.6,Y,17.0, ,94, ,41, ,64, ,10.2, ,1.1, ,98.5, ,17.5,Y
148,Merced,San Joaquin Valley,6/18/2018,169,6.49, ,0.00, ,349, ,1.4, ,30.6, ,8.6, ,20.6, ,96, ,36, ,58, ,12.1, ,1.5, ,128.0, ,15.7,Y
148,Merced,San Joaquin Valley,6/19/2018,170,6.67, ,0.00, ,349, ,1.5, ,33.5, ,10.4, ,23.1, ,94, ,34, ,54, ,13.4, ,1.3, ,110.2, ,,S
148,Merced,San Joaquin Valley,6/20/2018,171,7.04, ,0.00, ,359, ,1.4, ,34.1, ,10.5, ,23.1, ,94, ,32, ,50, ,12.2, ,1.5, ,130.2, ,,S
148,Merced,San Joaquin Valley,6/21/2018,172,6.91, ,0.00, ,363, ,1.3, ,33.7, ,8.4, ,21.7, ,94, ,25, ,49, ,10.7, ,1.3, ,114.3, ,15.0,R
148,Merced,San Joaquin Valley,6/22/2018,173,6.94, ,0.00, ,364,R,1.5, ,35.8, ,8.6, ,22.8, ,96, ,29, ,53, ,12.9, ,1.0, ,84.3, ,,S
148,Merced,San Joaquin Valley,6/23/2018,174,6.99, ,0.00, ,357, ,1.6, ,35.5, ,10.5, ,23.1, ,97, ,26, ,57, ,14.1, ,1.2, ,102.1, ,,S
148,Merced,San Joaquin Valley,6/24/2018,175,6.93, ,0.00, ,346, ,1.7, ,35.2, ,11.9, ,24.5, ,97, ,33, ,54, ,14.6, ,1.4, ,117.0, ,16.5,R
148,Merced,San Joaquin Valley,6/25/2018,176,6.21, ,0.00, ,334, ,1.7, ,32.7, ,13.2, ,22.1, ,93, ,36, ,62, ,14.6, ,1.3, ,114.7, ,18.9,Y
148,Merced,San Joaquin Valley,6/26/2018,177,6.92, ,0.00, ,354, ,1.4, ,35.3, ,10.0, ,22.7, ,96, ,20, ,50, ,11.8, ,1.3, ,110.2, ,16.8,R
148,Merced,San Joaquin Valley,6/27/2018,178,6.80, ,0.00, ,356, ,1.3, ,34.9, ,9.0, ,22.1, ,95, ,20, ,48, ,10.6, ,1.2, ,106.9, ,,S
148,Merced,San Joaquin Valley,6/28/2018,179,6.86, ,0.00, ,351, ,1.3, ,31.4, ,9.4, ,21.0, ,95, ,28, ,52, ,10.8, ,1.6, ,139.4, ,,S
148,Merced,San Joaquin Valley,6/29/2018,180,6.98, ,0.00, ,347, ,1.4, ,33.2, ,10.1, ,22.2, ,94, ,30, ,54, ,12.5, ,1.7, ,143.3, ,18.8,Y
148,Merced,San Joaquin Valley,6/30/2018,181,6.69, ,0.00, ,347, ,1.6, ,35.6, ,12.1, ,24.5, ,96, ,28, ,53, ,14.2, ,1.0, ,83.6, ,19.0,Y
148,Merced,San Joaquin Valley,7/1/2018,182,7.25, ,0.00, ,341, ,1.6, ,35.5, ,14.0, ,25.5, ,95, ,28, ,49, ,14.1, ,1.6, ,138.0, ,19.2,Y
148,Merced,San Joaquin Valley,7/2/2018,183,6.62, ,0.00, ,330, ,1.6, ,33.9, ,12.7, ,22.7, ,93, ,33, ,59, ,14.3, ,1.6, ,142.4, ,19.6,Y
148,Merced,San Joaquin Valley,7/3/2018,184,6.47, ,0.00, ,339, ,1.5, ,32.9, ,11.8, ,22.1, ,96, ,31, ,57, ,13.1, ,1.3, ,111.8, ,19.5,Y
148,Merced,San Joaquin Valley,7/4/2018,185,7.05,A,,M,,M,,M,,M,,M,,M,,M,,M,,M,,M,,M,,M,,M
148,Merced,San Joaquin Valley,7/5/2018,186,7.05,A,,M,,M,,M,,M,,M,,M,,M,,M,,M,,M,,M,,M,,M
148,Merced,San Joaquin Valley,7/6/2018,187,6.67,H,0.00,H,414,R,1.1,H,38.0, ,23.0,Y,31.6,H,38,H,17,H,24, ,8.6, ,3.6,Y,309.1,Y,19.6,Y
148,Merced,San Joaquin Valley,7/7/2018,188,8.55, ,0.00, ,334, ,1.1, ,38.1, ,19.6, ,28.4, ,52, ,14, ,28, ,8.2, ,2.8, ,242.4, ,20.0,Y
148,Merced,San Joaquin Valley,7/8/2018,189,8.53, ,0.00, ,351, ,0.8,Y,37.6, ,12.3, ,27.1, ,69, ,11, ,23,Y,4.3,Y,2.5, ,217.1, ,19.8,Y
148,Merced,San Joaquin Valley,7/9/2018,190,8.70, ,0.00, ,354, ,0.9,Y,36.6, ,16.7, ,27.2, ,46, ,15, ,24,Y,5.1,Y,2.7, ,235.9, ,19.6,R
148,Merced,San Joaquin Valley,7/10/2018,191,8.24, ,0.00, ,350, ,1.0, ,37.4, ,16.6, ,27.8, ,55, ,18, ,28, ,7.6, ,2.4, ,205.2, ,19.8,Y
148,Merced,San Joaquin Valley,7/11/2018,192,7.50, ,0.00, ,347, ,1.3, ,37.8, ,13.0, ,26.3, ,89, ,18, ,38, ,11.0, ,1.8, ,152.4, ,19.4,R
148,Merced,San Joaquin Valley,7/12/2018,193,7.39, ,0.00, ,315, ,1.3, ,38.8, ,16.6, ,28.1, ,73, ,18, ,34, ,10.7, ,1.9, ,163.2, ,20.5,Y
148,Merced,San Joaquin Valley,7/13/2018,194,6.93, ,0.00, ,289, ,1.3, ,36.8, ,21.2,Y,28.3, ,50, ,23, ,35, ,11.4, ,1.8, ,158.1, ,20.8,Y
148,Merced,San Joaquin Valley,7/14/2018,195,6.82, ,0.00, ,339, ,1.4, ,37.2, ,20.9, ,29.0, ,48, ,26, ,34, ,11.7, ,0.8,Y,68.4,Y,21.0,Y
148,Merced,San Joaquin Valley,7/15/2018,196,6.02,R,0.00, ,297, ,1.4, ,36.6, ,17.7, ,27.3, ,70, ,25, ,39, ,12.0, ,0.6,Y,49.3,Y,21.2,Y
148,Merced,San Joaquin Valley,7/16/2018,197,6.61,R,0.00, ,349, ,1.2, ,37.3, ,16.5, ,27.5, ,64, ,21, ,34, ,10.1, ,0.6,Y,52.3,Y,21.1,Y
148,Merced,San Joaquin Valley,7/17/2018,198,7.05,R,0.00, ,353, ,1.1, ,38.0, ,15.0, ,27.1, ,66, ,15, ,31, ,8.7, ,1.3, ,114.5, ,21.5,Y
148,Merced,San Joaquin Valley,7/18/2018,199,7.47, ,0.00, ,343, ,1.5, ,39.5, ,13.9, ,26.9, ,84, ,13, ,42, ,12.9, ,1.6, ,141.0, ,21.5,Y
148,Merced,San Joaquin Valley,7/19/2018,200,6.84, ,0.00, ,308, ,1.7, ,38.5, ,16.2, ,27.2, ,94, ,21, ,47, ,15.0, ,1.6, ,134.4, ,21.9,Y
148,Merced,San Joaquin Valley,7/20/2018,201,7.67, ,0.00, ,328, ,1.5, ,37.0, ,16.2, ,27.4, ,89, ,21, ,41, ,13.2, ,2.2, ,189.7, ,22.1,Y
148,Merced,San Joaquin Valley,7/21/2018,202,7.41, ,0.00, ,309, ,1.6, ,35.2, ,20.1, ,27.5, ,65, ,32, ,45, ,14.4, ,2.7, ,231.0, ,22.3, 
148,Merced,San Joaquin Valley,7/22/2018,203,7.95, ,0.00, ,317, ,1.3, ,36.1, ,18.7, ,27.7, ,52, ,25, ,36, ,11.3, ,2.7, ,237.2, ,22.3, 
148,Merced,San Joaquin Valley,7/23/2018,204,8.00, ,0.00, ,331, ,1.5, ,37.1, ,18.9, ,28.6, ,62, ,27, ,38, ,13.0, ,2.7, ,233.9, ,24.4, 
148,Merced,San Joaquin Valley,7/24/2018,205,8.33, ,0.00, ,339, ,1.3, ,38.5, ,18.0, ,29.1, ,67, ,19, ,34, ,11.4, ,2.6, ,222.7, ,23.7, 
148,Merced,San Joaquin Valley,7/25/2018,206,8.38, ,0.00, ,343, ,1.2, ,38.3, ,18.6, ,29.0, ,56, ,16, ,30, ,9.5, ,2.5, ,218.9, ,23.9, 
148,Merced,San Joaquin Valley,7/26/2018,207,7.03, ,0.00, ,314, ,1.5, ,37.9, ,17.0, ,27.2, ,75, ,22, ,43, ,13.5, ,1.6, ,142.3, ,24.0, 
148,Merced,San Joaquin Valley,7/27/2018,208,7.17, ,0.00, ,330, ,1.5, ,37.0, ,15.1, ,25.8, ,88, ,25, ,46, ,13.3, ,1.8, ,159.1, ,23.9, 
148,Merced,San Joaquin Valley,7/28/2018,209,6.45, ,0.00, ,310, ,1.7, ,37.1, ,14.5, ,24.6, ,92, ,25, ,54, ,14.7, ,1.6, ,135.6, ,23.5, 
148,Merced,San Joaquin Valley,7/29/2018,210,6.91, ,0.00, ,312, ,1.5, ,35.6, ,15.6, ,25.6, ,90, ,23, ,47, ,13.3, ,1.9, ,160.1, ,23.5, 
148,Merced,San Joaquin Valley,7/30/2018,211,4.69, ,0.00, ,225, ,1.6, ,34.6, ,13.4, ,24.3, ,86, ,31, ,53, ,14.2, ,1.5, ,131.6, ,23.5, 
148,Merced,San Joaquin Valley,7/31/2018,212,6.51, ,0.00, ,295, ,1.7, ,36.9, ,15.5, ,25.8, ,95, ,19, ,51, ,14.7, ,1.6, ,134.4, ,23.5, 
148,Merced,San Joaquin Valley,8/1/2018,213,7.27, ,0.00, ,321, ,1.4, ,36.9, ,14.5, ,26.4, ,95, ,16, ,42, ,12.3, ,1.8, ,154.0, ,23.5, 
148,Merced,San Joaquin Valley,8/2/2018,214,7.16, ,0.00, ,329, ,1.3, ,34.9, ,15.1, ,25.1, ,73, ,20, ,40, ,10.7, ,2.0, ,174.5, ,23.2, 
148,Merced,San Joaquin Valley,8/3/2018,215,6.87, ,0.00, ,330, ,1.4, ,35.6, ,10.9, ,23.3, ,95, ,20, ,47, ,11.4, ,1.7, ,142.6, ,22.8, 
148,Merced,San Joaquin Valley,8/4/2018,216,6.87, ,0.00, ,294, ,1.3, ,34.8, ,12.3, ,24.7, ,94, ,19, ,40, ,10.3, ,2.0, ,170.6, ,22.4,H
148,Merced,San Joaquin Valley,8/5/2018,217,7.05, ,0.00, ,326, ,1.2, ,33.8, ,10.3, ,23.8, ,88, ,22, ,40, ,9.3, ,2.1, ,180.7, ,22.4, 
148,Merced,San Joaquin Valley,8/6/2018,218,6.51, ,0.00, ,282, ,1.2, ,32.8, ,11.4, ,23.8, ,83, ,27, ,42, ,10.2, ,2.0, ,173.7, ,22.4, 
148,Merced,San Joaquin Valley,8/7/2018,219,5.93, ,0.00, ,281, ,1.4, ,34.4, ,11.2, ,22.9, ,93, ,22, ,49, ,11.6, ,1.3, ,115.2, ,22.3, 
148,Merced,San Joaquin Valley,8/8/2018,220,5.99, ,0.00, ,291, ,1.5, ,37.2, ,11.5, ,23.7, ,95, ,22, ,51, ,13.0, ,1.2, ,100.6, ,19.8,R
148,Merced,San Joaquin Valley,8/9/2018,221,6.25, ,0.00, ,299, ,1.6, ,38.4, ,12.9, ,25.1, ,95, ,17, ,50, ,14.0, ,1.3, ,109.4, ,22.2, 
148,Merced,San Joaquin Valley,8/10/2018,222,6.71, ,0.00, ,301, ,1.5, ,37.0, ,15.1, ,26.1, ,91, ,19, ,43, ,12.5, ,1.5, ,131.8, ,22.4, 
148,Merced,San Joaquin Valley,8/11/2018,223,6.21, ,0.00, ,271, ,1.3, ,36.2, ,15.2, ,25.8, ,84, ,22, ,40, ,11.0, ,1.6, ,135.0, ,22.5, 
148,Merced,San Joaquin Valley,8/12/2018,224,6.34, ,0.00, ,298, ,1.2, ,38.1, ,12.1, ,25.1, ,91, ,13, ,37, ,9.6, ,1.3, ,109.1, ,22.2, 
148,Merced,San Joaquin Valley,8/13/2018,225,6.61, ,0.00, ,301, ,1.3, ,34.6, ,12.3, ,24.1, ,93, ,20, ,43, ,10.9, ,1.7, ,149.0, ,22.1, 
148,Merced,San Joaquin Valley,8/14/2018,226,6.45, ,0.00, ,302, ,1.3, ,33.3, ,13.1, ,23.5, ,88, ,22, ,46, ,11.2, ,1.9, ,167.9, ,22.0, 
148,Merced,San Joaquin Valley,8/15/2018,227,6.15, ,0.00, ,301, ,1.4, ,33.0, ,13.1, ,23.0, ,91, ,25, ,51, ,12.4, ,1.9, ,166.4, ,22.0, 
148,Merced,San Joaquin Valley,8/16/2018,228,6.34, ,0.00, ,297, ,1.4, ,35.4, ,12.9, ,24.2, ,93, ,23, ,48, ,12.5, ,1.8, ,152.2, ,22.0, 
148,Merced,San Joaquin Valley,8/17/2018,229,6.74, ,0.00, ,296, ,1.3, ,37.6, ,15.6, ,26.5, ,71, ,20, ,38, ,11.0, ,1.8, ,154.6, ,21.4,H
148,Merced,San Joaquin Valley,8/18/2018,230,7.17, ,0.00, ,302, ,1.1, ,37.2, ,14.5, ,27.0, ,74, ,15, ,30, ,7.9, ,1.9, ,160.9, ,21.0,Y
148,Merced,San Joaquin Valley,8/19/2018,231,6.55, ,0.00, ,299, ,1.1, ,37.6, ,14.9, ,25.6, ,86, ,11, ,34, ,8.3, ,1.6, ,135.4, ,22.1, 
148,Merced,San Joaquin Valley,8/20/2018,232,5.97, ,0.00, ,294, ,1.3, ,35.8, ,11.8, ,23.4, ,95, ,15, ,46, ,11.1, ,1.4, ,121.9, ,21.8, 
148,Merced,San Joaquin Valley,8/21/2018,233,5.64, ,0.00, ,295, ,1.4, ,31.6, ,12.3, ,21.5, ,90, ,28, ,55, ,12.0, ,1.8, ,159.7, ,21.4,H
148,Merced,San Joaquin Valley,8/22/2018,234,5.52, ,0.00, ,295, ,1.5, ,31.7, ,12.5, ,21.3, ,94, ,31, ,58, ,12.8, ,1.7, ,147.1, ,21.5, 
148,Merced,San Joaquin Valley,8/23/2018,235,5.62, ,0.00, ,291, ,1.4, ,31.5, ,11.6, ,21.1, ,93, ,30, ,58, ,12.4, ,1.8, ,158.2, ,21.4, 
148,Merced,San Joaquin Valley,8/24/2018,236,5.26, ,0.00, ,280, ,1.4, ,30.5, ,10.5, ,19.9, ,93, ,29, ,59, ,11.7, ,1.6, ,141.7, ,21.2, 
148,Merced,San Joaquin Valley,8/25/2018,237,4.95, ,0.00, ,261, ,1.4, ,31.5, ,11.3, ,20.4, ,94, ,31, ,59, ,12.2, ,1.4, ,116.9, ,21.0,Y
148,Merced,San Joaquin Valley,8/26/2018,238,5.55, ,0.00, ,283, ,1.2, ,32.8, ,10.0, ,20.8, ,94, ,21, ,50, ,10.0, ,1.3, ,110.0, ,20.8,Y
148,Merced,San Joaquin Valley,8/27/2018,239,5.42, ,0.00, ,283, ,1.3, ,31.5, ,9.2, ,20.0, ,95, ,24, ,55, ,10.6, ,1.5, ,130.2, ,20.5,Y
148,Merced,San Joaquin Valley,8/28/2018,240,5.12, ,0.00, ,275, ,1.4, ,30.2, ,13.5, ,21.1, ,88, ,33, ,58, ,12.5, ,1.7, ,148.3, ,20.6,Y
148,Merced,San Joaquin Valley,8/29/2018,241,5.12, ,0.00, ,272, ,1.4, ,30.5, ,12.0, ,21.0, ,87, ,36, ,58, ,12.4, ,1.7, ,149.7, ,20.7,Y
148,Merced,San Joaquin Valley,8/30/2018,242,5.00, ,0.00, ,265, ,1.4, ,29.5, ,13.5, ,20.6, ,84, ,33, ,56, ,11.6, ,1.8, ,157.2, ,20.7, 
148,Merced,San Joaquin Valley,8/31/2018,243,5.31, ,0.00, ,276, ,1.4, ,30.9, ,10.1, ,20.8, ,95, ,30, ,57, ,12.1, ,1.7, ,144.4, ,20.5,Y
148,Merced,San Joaquin Valley,9/1/2018,244,5.23, ,0.00, ,273, ,1.5, ,32.5, ,11.4, ,21.6, ,94, ,28, ,57, ,12.7, ,1.2, ,102.1, ,20.6, 
148,Merced,San Joaquin Valley,9/2/2018,245,5.21, ,0.00, ,268, ,1.5, ,35.4, ,12.2, ,23.1, ,97, ,22, ,53, ,13.1, ,0.9, ,77.9, ,20.7, 
148,Merced,San Joaquin Valley,9/3/2018,246,5.30, ,0.00, ,262, ,1.5, ,34.4, ,12.1, ,22.7, ,95, ,24, ,54, ,12.8, ,1.3, ,115.9, ,20.8, 
148,Merced,San Joaquin Valley,9/4/2018,247,5.14, ,0.00, ,261, ,1.4, ,35.3, ,11.5, ,23.0, ,95, ,19, ,49, ,11.7, ,1.0, ,89.8, ,20.8, 
148,Merced,San Joaquin Valley,9/5/2018,248,5.34, ,0.00, ,205, ,1.4, ,36.0, ,17.2, ,27.6, ,90, ,21, ,37, ,11.7, ,1.7, ,144.1, ,21.0, 
148,Merced,San Joaquin Valley,9/6/2018,249,5.46, ,0.00, ,269, ,1.3, ,33.8, ,11.7, ,22.9, ,90, ,24, ,47, ,11.1, ,1.6, ,138.8, ,20.8, 
148,Merced,San Joaquin Valley,9/7/2018,250,5.38, ,0.00, ,273, ,1.3, ,36.5, ,10.5, ,23.8, ,93, ,19, ,43, ,10.5, ,1.2, ,104.2, ,20.8, 
148,Merced,San Joaquin Valley,9/8/2018,251,5.52, ,0.00, ,276, ,1.1, ,35.1, ,10.2, ,22.9, ,96, ,15, ,41, ,8.9, ,1.3, ,110.0, ,20.7, 
148,Merced,San Joaquin Valley,9/9/2018,252,5.15, ,0.00, ,276, ,1.1, ,34.6, ,7.9, ,20.4, ,95, ,16, ,46, ,8.5, ,1.1, ,95.0, ,20.3, 
148,Merced,San Joaquin Valley,9/10/2018,253,5.10, ,0.00, ,268, ,1.1, ,33.8, ,7.3, ,20.5, ,97, ,17, ,47, ,8.7, ,1.1, ,95.0, ,20.0, 
148,Merced,San Joaquin Valley,9/11/2018,254,5.29, ,0.00, ,263, ,1.0, ,34.2, ,8.5, ,21.4, ,97, ,13, ,38, ,6.6, ,1.2, ,102.0, ,19.9, 
148,Merced,San Joaquin Valley,9/12/2018,255,5.18, ,0.00, ,261, ,0.9, ,29.8, ,10.5, ,20.1, ,67, ,19, ,37, ,4.9, ,1.8, ,153.0, ,19.7, 
148,Merced,San Joaquin Valley,9/13/2018,256,4.30, ,0.00, ,236, ,0.9, ,28.5, ,5.9,Y,17.6, ,93, ,21, ,46, ,6.0, ,1.3, ,109.1, ,19.3,Y
148,Merced,San Joaquin Valley,9/14/2018,257,4.56, ,0.00, ,245, ,1.0, ,30.4, ,6.5,Y,18.9, ,95, ,23, ,47, ,7.4, ,1.3, ,108.7, ,19.1,Y
148,Merced,San Joaquin Valley,9/15/2018,258,4.72, ,0.00, ,248, ,1.0, ,28.5, ,11.0, ,19.1, ,82, ,21, ,43, ,6.2, ,1.5, ,130.3, ,19.1,Y
148,Merced,San Joaquin Valley,9/16/2018,259,4.53, ,0.00, ,248, ,1.0, ,28.9, ,6.8, ,17.8, ,92, ,22, ,50, ,7.2, ,1.4, ,124.4, ,18.9,Y
148,Merced,San Joaquin Valley,9/17/2018,260,4.60, ,0.00, ,244, ,1.1, ,30.9, ,6.4, ,18.9, ,97, ,23, ,48, ,7.8, ,1.3, ,114.2, ,18.8,Y
148,Merced,San Joaquin Valley,9/18/2018,261,4.41, ,0.00, ,238, ,1.1, ,30.2, ,7.3, ,17.8, ,93, ,27, ,55, ,8.6, ,1.3, ,112.3, ,18.7,Y
148,Merced,San Joaquin Valley,9/19/2018,262,4.62, ,0.00, ,241, ,1.1, ,30.1, ,6.1, ,18.3, ,97, ,23, ,52, ,8.4, ,1.5, ,125.3, ,18.5,Y
148,Merced,San Joaquin Valley,9/20/2018,263,4.22, ,0.00, ,234, ,1.2, ,33.4, ,6.5, ,18.9, ,97, ,20, ,53, ,9.1, ,0.8, ,72.7, ,18.5,Y
148,Merced,San Joaquin Valley,9/21/2018,264,4.48, ,0.00, ,232, ,1.1, ,35.4, ,7.9, ,20.7, ,96, ,14, ,44, ,8.1, ,0.9, ,79.1, ,18.5,Y
148,Merced,San Joaquin Valley,9/22/2018,265,4.48, ,0.00, ,228, ,1.1, ,36.0, ,7.5, ,21.5, ,94, ,15, ,41, ,7.7, ,1.0, ,86.7, ,18.6, 
148,Merced,San Joaquin Valley,9/23/2018,266,4.60, ,0.00, ,228, ,1.0, ,34.7, ,8.6, ,21.4, ,93, ,13, ,38, ,6.5, ,1.1, ,96.2, ,18.7, 
148,Merced,San Joaquin Valley,9/24/2018,267,4.27, ,0.00, ,228, ,1.0, ,33.8, ,5.4, ,18.8, ,96, ,16, ,48, ,7.6, ,1.0, ,83.7, ,18.5, 
148,Merced,San Joaquin Valley,9/25/2018,268,4.24, ,0.00, ,221, ,1.0, ,34.2, ,6.8, ,19.7, ,97, ,14, ,46, ,7.6, ,1.0, ,82.1, ,18.4,Y
148,Merced,San Joaquin Valley,9/26/2018,269,4.13, ,0.00, ,216, ,1.2, ,35.5, ,8.5, ,20.5, ,97, ,16, ,49, ,9.4, ,0.9, ,76.3, ,18.4, 
148,Merced,San Joaquin Valley,9/27/2018,270,3.97, ,0.00, ,209, ,1.3, ,37.0, ,8.7, ,21.3, ,94, ,17, ,52, ,11.0, ,0.9, ,75.6, ,18.5, 
148,Merced,San Joaquin Valley,9/28/2018,271,3.94, ,0.00, ,203, ,1.3, ,33.9, ,9.9, ,20.9, ,96, ,24, ,52, ,10.8, ,1.3, ,108.4, ,18.7, 
148,Merced,San Joaquin Valley,9/29/2018,272,3.29, ,0.00, ,196, ,1.2, ,26.9, ,11.1, ,18.0, ,85, ,30, ,59, ,9.9, ,1.5, ,131.9, ,18.7, 
148,Merced,San Joaquin Valley,9/30/2018,273,3.25, ,0.00, ,189, ,1.3, ,28.5, ,9.4, ,19.1, ,96, ,33, ,61, ,11.3, ,1.1, ,91.6, ,18.5, 
                                                                                                                                                                                                                                                                                                                                                                                                                                                                                                                                                                                                                                                                                                                                                                                                                                                                                                                                                                                                                                                                