"STATION","NAME","LATITUDE","LONGITUDE","ELEVATION","DATE","AWND","AWND_ATTRIBUTES","PRCP","PRCP_ATTRIBUTES","TAVG","TAVG_ATTRIBUTES","TMAX","TMAX_ATTRIBUTES","TMIN","TMIN_ATTRIBUTES","WT01","WT01_ATTRIBUTES","WT02","WT02_ATTRIBUTES","WT03","WT03_ATTRIBUTES","WT08","WT08_ATTRIBUTES"
"USW00023257","MERCED MUNICIPAL AIRPORT, CA US","37.28472","-120.51278","46.3","2017-10-01","5.5",",,W","0.0",",,W",,,"27.8",",,W","13.3",",,W",,,,,,,,
"USW00023257","MERCED MUNICIPAL AIRPORT, CA US","37.28472","-120.51278","46.3","2017-10-02","3.3",",,W","0.0",",,W",,,"25.6",",,W","8.3",",,W",,,,,,,,
"USW00023257","MERCED MUNICIPAL AIRPORT, CA US","37.28472","-120.51278","46.3","2017-10-03","2.3",",,W","0.0",",,W",,,"24.4",",,W","6.1",",,W",,,,,,,,
"USW00023257","MERCED MUNICIPAL AIRPORT, CA US","37.28472","-120.51278","46.3","2017-10-04","2.1",",,W","0.0",",,W",,,"26.7",",,W","6.7",",,W",,,,,,,,
"USW00023257","MERCED MUNICIPAL AIRPORT, CA US","37.28472","-120.51278","46.3","2017-10-05","2.0",",,W","0.0",",,W",,,"27.8",",,W","7.2",",,W",,,,,,,"    1",",,W"
"USW00023257","MERCED MUNICIPAL AIRPORT, CA US","37.28472","-120.51278","46.3","2017-10-06","0.9",",,W","0.0",",,W",,,"29.4",",,W","6.7",",,W",,,,,,,"    1",",,W"
"USW00023257","MERCED MUNICIPAL AIRPORT, CA US","37.28472","-120.51278","46.3","2017-10-07","1.3",",,W","0.0",",,W",,,"30.6",",,W","8.9",",,W",,,,,,,,
"USW00023257","MERCED MUNICIPAL AIRPORT, CA US","37.28472","-120.51278","46.3","2017-10-08","4.1",",,W","0.0",",,W",,,"27.2",",,W","9.4",",,W",,,,,,,"    1",",,W"
"USW00023257","MERCED MUNICIPAL AIRPORT, CA US","37.28472","-120.51278","46.3","2017-10-09","1.4",",,W","0.0",",,W",,,"27.2",",,W","6.7",",,W",,,,,,,"    1",",,W"
"USW00023257","MERCED MUNICIPAL AIRPORT, CA US","37.28472","-120.51278","46.3","2017-10-10","2.0",",,W","0.0",",,W",,,"29.4",",,W","6.1",",,W",,,,,,,"    1",",,W"
"USW00023257","MERCED MUNICIPAL AIRPORT, CA US","37.28472","-120.51278","46.3","2017-10-11","5.4",",,W","0.0",",,W",,,"23.9",",,W","10.0",",,W",,,,,,,"    1",",,W"
"USW00023257","MERCED MUNICIPAL AIRPORT, CA US","37.28472","-120.51278","46.3","2017-10-12","3.5",",,W","0.0",",,W",,,"22.2",",,W","5.6",",,W",,,,,,,"    1",",,W"
"USW00023257","MERCED MUNICIPAL AIRPORT, CA US","37.28472","-120.51278","46.3","2017-10-13","1.9",",,W","0.0",",,W",,,"24.4",",,W","3.3",",,W",,,,,,,"    1",",,W"
"USW00023257","MERCED MUNICIPAL AIRPORT, CA US","37.28472","-120.51278","46.3","2017-10-14","1.9",",,W","0.0",",,W",,,"23.9",",,W","5.6",",,W",,,,,,,"    1",",,W"
"USW00023257","MERCED MUNICIPAL AIRPORT, CA US","37.28472","-120.51278","46.3","2017-10-15","0.8",",,W","0.0",",,W",,,"28.3",",,W","4.4",",,W",,,,,,,"    1",",,W"
"USW00023257","MERCED MUNICIPAL AIRPORT, CA US","37.28472","-120.51278","46.3","2017-10-16","0.7",",,W","0.0",",,W",,,"28.3",",,W","5.0",",,W","    1",",,W",,,,,"    1",",,W"
"USW00023257","MERCED MUNICIPAL AIRPORT, CA US","37.28472","-120.51278","46.3","2017-10-17","1.2",",,W","0.0",",,W",,,"27.8",",,W","8.3",",,W",,,,,,,"    1",",,W"
"USW00023257","MERCED MUNICIPAL AIRPORT, CA US","37.28472","-120.51278","46.3","2017-10-18","1.1",",,W","0.0",",,W",,,"28.3",",,W","6.7",",,W",,,,,,,"    1",",,W"
"USW00023257","MERCED MUNICIPAL AIRPORT, CA US","37.28472","-120.51278","46.3","2017-10-19","2.3",",,W","0.0",",,W",,,"25.6",",,W","7.8",",,W",,,,,,,"    1",",,W"
"USW00023257","MERCED MUNICIPAL AIRPORT, CA US","37.28472","-120.51278","46.3","2017-10-20","4.7",",,W","3.8",",,W",,,"19.4",",,W","8.9",",,W","    1",",,W",,,,,"    1",",,W"
"USW00023257","MERCED MUNICIPAL AIRPORT, CA US","37.28472","-120.51278","46.3","2017-10-21","2.7",",,W","0.0",",,W",,,"21.1",",,W","6.7",",,W",,,,,,,,
"USW00023257","MERCED MUNICIPAL AIRPORT, CA US","37.28472","-120.51278","46.3","2017-10-22","1.8",",,W","0.0",",,W",,,"23.9",",,W","5.0",",,W","    1",",,W",,,,,,
"USW00023257","MERCED MUNICIPAL AIRPORT, CA US","37.28472","-120.51278","46.3","2017-10-23","1.5",",,W","0.0",",,W",,,"27.2",",,W","7.2",",,W",,,,,,,"    1",",,W"
"USW00023257","MERCED MUNICIPAL AIRPORT, CA US","37.28472","-120.51278","46.3","2017-10-24","0.8",",,W","0.0",",,W",,,"30.0",",,W","9.4",",,W","    1",",,W",,,,,"    1",",,W"
"USW00023257","MERCED MUNICIPAL AIRPORT, CA US","37.28472","-120.51278","46.3","2017-10-25","0.9",",,W","0.0",",,W",,,"30.6",",,W","10.0",",,W",,,,,,,"    1",",,W"
"USW00023257","MERCED MUNICIPAL AIRPORT, CA US","37.28472","-120.51278","46.3","2017-10-26","1.1",",,W","0.0",",,W",,,"31.1",",,W","9.4",",,W",,,,,,,"    1",",,W"
"USW00023257","MERCED MUNICIPAL AIRPORT, CA US","37.28472","-120.51278","46.3","2017-10-27","1.2",",,W","0.0",",,W",,,"31.1",",,W","9.4",",,W",,,,,,,"    1",",,W"
"USW00023257","MERCED MUNICIPAL AIRPORT, CA US","37.28472","-120.51278","46.3","2017-10-28","1.2",",,W","0.0",",,W",,,"30.6",",,W","10.0",",,W",,,,,,,"    1",",,W"
"USW00023257","MERCED MUNICIPAL AIRPORT, CA US","37.28472","-120.51278","46.3","2017-10-29","1.3",",,W","0.0",",,W",,,"27.2",",,W","8.9",",,W","    1",",,W",,,,,"    1",",,W"
"USW00023257","MERCED MUNICIPAL AIRPORT, CA US","37.28472","-120.51278","46.3","2017-10-30","2.5",",,W","0.0",",,W",,,"22.8",",,W","6.7",",,W","    1",",,W",,,,,"    1",",,W"
"USW00023257","MERCED MUNICIPAL AIRPORT, CA US","37.28472","-120.51278","46.3","2017-10-31","1.1",",,W","0.0",",,W",,,"19.4",",,W","8.3",",,W",,,,,,,"    1",",,W"
"USW00023257","MERCED MUNICIPAL AIRPORT, CA US","37.28472","-120.51278","46.3","2017-11-01","1.1",",,W","0.0",",,W",,,"21.7",",,W","5.6",",,W",,,,,,,"    1",",,W"
"USW00023257","MERCED MUNICIPAL AIRPORT, CA US","37.28472","-120.51278","46.3","2017-11-02","1.1",",,W","0.0",",,W",,,"18.3",",,W","6.7",",,W","    1",",,W",,,,,"    1",",,W"
"USW00023257","MERCED MUNICIPAL AIRPORT, CA US","37.28472","-120.51278","46.3","2017-11-03","2.9",",,W","0.0","T,,W",,,"21.1",",,W","12.2",",,W",,,,,,,"    1",",,W"
"USW00023257","MERCED MUNICIPAL AIRPORT, CA US","37.28472","-120.51278","46.3","2017-11-04","2.9",",,W","0.0","T,,W",,,"21.1",",,W","10.6",",,W",,,,,,,"    1",",,W"
"USW00023257","MERCED MUNICIPAL AIRPORT, CA US","37.28472","-120.51278","46.3","2017-11-05","2.0",",,W","0.0",",,W",,,"16.1",",,W","6.7",",,W",,,,,,,"    1",",,W"
"USW00023257","MERCED MUNICIPAL AIRPORT, CA US","37.28472","-120.51278","46.3","2017-11-06","0.6",",,W","0.0",",,W",,,"18.3",",,W","3.3",",,W",,,,,,,"    1",",,W"
"USW00023257","MERCED MUNICIPAL AIRPORT, CA US","37.28472","-120.51278","46.3","2017-11-07","1.1",",,W","0.0",",,W",,,"18.9",",,W","0.6",",,W",,,,,,,"    1",",,W"
"USW00023257","MERCED MUNICIPAL AIRPORT, CA US","37.28472","-120.51278","46.3","2017-11-08","3.4",",,W","0.0",",,W",,,"22.2",",,W","5.0",",,W",,,,,,,"    1",",,W"
"USW00023257","MERCED MUNICIPAL AIRPORT, CA US","37.28472","-120.51278","46.3","2017-11-09","3.0",",,W","0.5",",,W",,,"21.7",",,W","12.8",",,W",,,,,,,"    1",",,W"
"USW00023257","MERCED MUNICIPAL AIRPORT, CA US","37.28472","-120.51278","46.3","2017-11-10","2.3",",,W","0.0",",,W",,,"22.2",",,W","9.4",",,W","    1",",,W",,,,,"    1",",,W"
"USW00023257","MERCED MUNICIPAL AIRPORT, CA US","37.28472","-120.51278","46.3","2017-11-11","1.9",",,W","0.0",",,W",,,"20.6",",,W","6.7",",,W","    1",",,W","    1",",,W",,,,
"USW00023257","MERCED MUNICIPAL AIRPORT, CA US","37.28472","-120.51278","46.3","2017-11-12","0.6",",,W","0.0",",,W",,,"20.0",",,W","5.6",",,W","    1",",,W",,,,,"    1",",,W"
"USW00023257","MERCED MUNICIPAL AIRPORT, CA US","37.28472","-120.51278","46.3","2017-11-13","1.2",",,W","0.0",",,W",,,"21.7",",,W","3.3",",,W",,,,,,,"    1",",,W"
"USW00023257","MERCED MUNICIPAL AIRPORT, CA US","37.28472","-120.51278","46.3","2017-11-14","3.2",",,W","0.0",",,W",,,"20.6",",,W","9.4",",,W",,,,,,,,
"USW00023257","MERCED MUNICIPAL AIRPORT, CA US","37.28472","-120.51278","46.3","2017-11-15","2.2",",,W","0.0",",,W",,,"21.7",",,W","7.2",",,W",,,,,,,"    1",",,W"
"USW00023257","MERCED MUNICIPAL AIRPORT, CA US","37.28472","-120.51278","46.3","2017-11-16","3.0",",,W","16.3",",,W",,,"20.6",",,W","13.3",",,W","    1",",,W",,,,,,
"USW00023257","MERCED MUNICIPAL AIRPORT, CA US","37.28472","-120.51278","46.3","2017-11-17","3.4",",,W","0.3",",,W",,,"17.2",",,W","6.7",",,W","    1",",,W",,,,,,
"USW00023257","MERCED MUNICIPAL AIRPORT, CA US","37.28472","-120.51278","46.3","2017-11-18","1.2",",,W","0.0",",,W",,,"17.8",",,W","4.4",",,W","    1",",,W",,,,,"    1",",,W"
"USW00023257","MERCED MUNICIPAL AIRPORT, CA US","37.28472","-120.51278","46.3","2017-11-19","0.9",",,W","0.0",",,W",,,"17.8",",,W","2.8",",,W","    1",",,W","    1",",,W",,,"    1",",,W"
"USW00023257","MERCED MUNICIPAL AIRPORT, CA US","37.28472","-120.51278","46.3","2017-11-20","1.5",",,W","0.0",",,W",,,"19.4",",,W","9.4",",,W","    1",",,W",,,,,"    1",",,W"
"USW00023257","MERCED MUNICIPAL AIRPORT, CA US","37.28472","-120.51278","46.3","2017-11-21","1.1",",,W","0.0",",,W",,,"20.0",",,W","10.6",",,W","    1",",,W","    1",",,W",,,"    1",",,W"
"USW00023257","MERCED MUNICIPAL AIRPORT, CA US","37.28472","-120.51278","46.3","2017-11-22","0.3",",,W","0.0",",,W",,,"23.3",",,W","6.7",",,W","    1",",,W","    1",",,W",,,"    1",",,W"
"USW00023257","MERCED MUNICIPAL AIRPORT, CA US","37.28472","-120.51278","46.3","2017-11-23","1.6",",,W","0.0",",,W",,,"23.9",",,W","8.9",",,W","    1",",,W","    1",",,W",,,"    1",",,W"
"USW00023257","MERCED MUNICIPAL AIRPORT, CA US","37.28472","-120.51278","46.3","2017-11-24","1.2",",,W","0.0",",,W",,,"23.3",",,W","11.1",",,W","    1",",,W","    1",",,W",,,"    1",",,W"
"USW00023257","MERCED MUNICIPAL AIRPORT, CA US","37.28472","-120.51278","46.3","2017-11-25","1.7",",,W","0.0",",,W",,,"22.2",",,W","8.3",",,W","    1",",,W","    1",",,W",,,"    1",",,W"
"USW00023257","MERCED MUNICIPAL AIRPORT, CA US","37.28472","-120.51278","46.3","2017-11-26","2.0",",,W","1.0",",,W",,,"20.0",",,W","11.1",",,W","    1",",,W",,,,,"    1",",,W"
"USW00023257","MERCED MUNICIPAL AIRPORT, CA US","37.28472","-120.51278","46.3","2017-11-27","2.8",",,W","4.3",",,W",,,"15.6",",,W","4.4",",,W","    1",",,W",,,,,,
"USW00023257","MERCED MUNICIPAL AIRPORT, CA US","37.28472","-120.51278","46.3","2017-11-28","1.2",",,W","0.0",",,W",,,"16.1",",,W","1.1",",,W","    1",",,W","    1",",,W",,,"    1",",,W"
"USW00023257","MERCED MUNICIPAL AIRPORT, CA US","37.28472","-120.51278","46.3","2017-11-29","0.8",",,W","0.0",",,W",,,"15.6",",,W","1.1",",,W","    1",",,W","    1",",,W",,,"    1",",,W"
"USW00023257","MERCED MUNICIPAL AIRPORT, CA US","37.28472","-120.51278","46.3","2017-11-30","0.7",",,W","0.0",",,W",,,"17.2",",,W","1.1",",,W","    1",",,W","    1",",,W",,,"    1",",,W"
"USW00023257","MERCED MUNICIPAL AIRPORT, CA US","37.28472","-120.51278","46.3","2017-12-01","0.5",",,W","0.0",",,W",,,"16.7",",,W","1.7",",,W",,,,,,,,
"USW00023257","MERCED MUNICIPAL AIRPORT, CA US","37.28472","-120.51278","46.3","2017-12-02","0.9",",,W","0.0",",,W",,,"16.1",",,W","2.8",",,W",,,,,,,,
"USW00023257","MERCED MUNICIPAL AIRPORT, CA US","37.28472","-120.51278","46.3","2017-12-03","4.7",",,W","0.0",",,W",,,"15.0",",,W","5.0",",,W",,,,,,,,
"USW00023257","MERCED MUNICIPAL AIRPORT, CA US","37.28472","-120.51278","46.3","2017-12-04","1.9",",,W","0.0",",,W",,,"13.9",",,W","-0.5",",,W",,,,,,,,
"USW00023257","MERCED MUNICIPAL AIRPORT, CA US","37.28472","-120.51278","46.3","2017-12-05","0.8",",,W","0.0",",,W",,,"13.9",",,W","-3.2",",,W",,,,,,,,
"USW00023257","MERCED MUNICIPAL AIRPORT, CA US","37.28472","-120.51278","46.3","2017-12-06","0.9",",,W","0.0",",,W",,,"16.1",",,W","-1.6",",,W",,,,,,,,
"USW00023257","MERCED MUNICIPAL AIRPORT, CA US","37.28472","-120.51278","46.3","2017-12-07","0.8",",,W","0.0",",,W",,,"23.3",",,W","-2.1",",,W",,,,,,,,
"USW00023257","MERCED MUNICIPAL AIRPORT, CA US","37.28472","-120.51278","46.3","2017-12-08","1.4",",,W","0.0",",,W",,,"18.3",",,W","0.6",",,W",,,,,,,,
"USW00023257","MERCED MUNICIPAL AIRPORT, CA US","37.28472","-120.51278","46.3","2017-12-09","0.5",",,W","0.0",",,W",,,"17.2",",,W","-1.0",",,W",,,,,,,,
"USW00023257","MERCED MUNICIPAL AIRPORT, CA US","37.28472","-120.51278","46.3","2017-12-10","0.5",",,W","0.0",",,W",,,"17.8",",,W","-1.6",",,W",,,,,,,,
"USW00023257","MERCED MUNICIPAL AIRPORT, CA US","37.28472","-120.51278","46.3","2017-12-11","0.5",",,W","0.0",",,W",,,"17.2",",,W","-1.0",",,W",,,,,,,,
"USW00023257","MERCED MUNICIPAL AIRPORT, CA US","37.28472","-120.51278","46.3","2017-12-12","0.9",",,W","0.0",",,W",,,"17.2",",,W","-1.0",",,W",,,,,,,,
"USW00023257","MERCED MUNICIPAL AIRPORT, CA US","37.28472","-120.51278","46.3","2017-12-13","0.8",",,W","0.0",",,W",,,"16.1",",,W","-1.0",",,W",,,,,,,,
"USW00023257","MERCED MUNICIPAL AIRPORT, CA US","37.28472","-120.51278","46.3","2017-12-14","1.2",",,W","0.0",",,W",,,"17.8",",,W","-1.0",",,W",,,,,,,,
"USW00023257","MERCED MUNICIPAL AIRPORT, CA US","37.28472","-120.51278","46.3","2017-12-15","1.3",",,W","0.0",",,W",,,"16.7",",,W","-0.5",",,W",,,,,,,,
"USW00023257","MERCED MUNICIPAL AIRPORT, CA US","37.28472","-120.51278","46.3","2017-12-16","6.2",",,W","0.0",",,W",,,"18.3",",,W","4.4",",,W",,,,,,,"    1",",,W"
"USW00023257","MERCED MUNICIPAL AIRPORT, CA US","37.28472","-120.51278","46.3","2017-12-17","1.2",",,W","0.0",",,W",,,"14.4",",,W","0.0",",,W",,,,,,,"    1",",,W"
"USW00023257","MERCED MUNICIPAL AIRPORT, CA US","37.28472","-120.51278","46.3","2017-12-18","1.0",",,W","0.0",",,W",,,"16.7",",,W","-1.0",",,W",,,,,,,"    1",",,W"
"USW00023257","MERCED MUNICIPAL AIRPORT, CA US","37.28472","-120.51278","46.3","2017-12-19","1.5",",,W","0.0",",,W",,,"17.2",",,W","-2.1",",,W",,,,,,,"    1",",,W"
"USW00023257","MERCED MUNICIPAL AIRPORT, CA US","37.28472","-120.51278","46.3","2017-12-20","4.3",",,W","2.0",",,W",,,"12.8",",,W","2.8",",,W","    1",",,W",,,,,,
"USW00023257","MERCED MUNICIPAL AIRPORT, CA US","37.28472","-120.51278","46.3","2017-12-21","1.8",",,W","0.0",",,W",,,"10.6",",,W","-1.0",",,W","    1",",,W",,,,,"    1",",,W"
"USW00023257","MERCED MUNICIPAL AIRPORT, CA US","37.28472","-120.51278","46.3","2017-12-22","1.6",",,W","0.0",",,W",,,"12.2",",,W","-3.2",",,W","    1",",,W",,,,,"    1",",,W"
"USW00023257","MERCED MUNICIPAL AIRPORT, CA US","37.28472","-120.51278","46.3","2017-12-23","0.5",",,W","0.0",",,W",,,"13.3",",,W","0.6",",,W","    1",",,W",,,,,"    1",",,W"
"USW00023257","MERCED MUNICIPAL AIRPORT, CA US","37.28472","-120.51278","46.3","2017-12-24","1.5",",,W","0.0",",,W",,,"11.7",",,W","3.9",",,W",,,,,,,"    1",",,W"
"USW00023257","MERCED MUNICIPAL AIRPORT, CA US","37.28472","-120.51278","46.3","2017-12-25","0.8",",,W","0.0",",,W",,,"15.0",",,W","0.6",",,W",,,"    1",",,W",,,"    1",",,W"
"USW00023257","MERCED MUNICIPAL AIRPORT, CA US","37.28472","-120.51278","46.3","2017-12-26","1.0",",,W","0.0",",,W",,,"17.2",",,W","2.2",",,W","    1",",,W",,,,,"    1",",,W"
"USW00023257","MERCED MUNICIPAL AIRPORT, CA US","37.28472","-120.51278","46.3","2017-12-27","1.0",",,W","0.0",",,W",,,"16.7",",,W","-1.0",",,W","    1",",,W",,,,,"    1",",,W"
"USW00023257","MERCED MUNICIPAL AIRPORT, CA US","37.28472","-120.51278","46.3","2017-12-28","0.6",",,W","0.0",",,W",,,"17.2",",,W","-0.5",",,W","    1",",,W",,,,,"    1",",,W"
"USW00023257","MERCED MUNICIPAL AIRPORT, CA US","37.28472","-120.51278","46.3","2017-12-29","0.6",",,W","0.0",",,W",,,"17.2",",,W","0.6",",,W",,,,,,,,
"USW00023257","MERCED MUNICIPAL AIRPORT, CA US","37.28472","-120.51278","46.3","2017-12-30","0.5",",,W","0.0",",,W",,,"16.1",",,W","0.0",",,W",,,,,,,,
"USW00023257","MERCED MUNICIPAL AIRPORT, CA US","37.28472","-120.51278","46.3","2017-12-31","0.8",",,W","0.0",",,W",,,"16.7",",,W","2.2",",,W",,,,,,,,
"USW00023257","MERCED MUNICIPAL AIRPORT, CA US","37.28472","-120.51278","46.3","2018-01-01","0.8",",,W","0.0",",,W",,,"18.3",",,W","0.6",",,W","    1",",,W","    1",",,W",,,"    1",",,W"
"USW00023257","MERCED MUNICIPAL AIRPORT, CA US","37.28472","-120.51278","46.3","2018-01-02","0.7",",,W","0.0",",,W",,,"15.6",",,W","5.0",",,W","    1",",,W",,,,,"    1",",,W"
"USW00023257","MERCED MUNICIPAL AIRPORT, CA US","37.28472","-120.51278","46.3","2018-01-03","1.8",",,W","0.3",",,W",,,"14.4",",,W","3.3",",,W","    1",",,W",,,,,"    1",",,W"
"USW00023257","MERCED MUNICIPAL AIRPORT, CA US","37.28472","-120.51278","46.3","2018-01-04","3.0",",,W","5.8",",,W",,,"20.6",",,W","7.2",",,W","    1",",,W","    1",",,W",,,"    1",",,W"
"USW00023257","MERCED MUNICIPAL AIRPORT, CA US","37.28472","-120.51278","46.3","2018-01-05","1.8",",,W","0.0",",,W",,,"21.7",",,W","7.2",",,W","    1",",,W","    1",",,W",,,"    1",",,W"
"USW00023257","MERCED MUNICIPAL AIRPORT, CA US","37.28472","-120.51278","46.3","2018-01-06","2.8",",,W","3.6",",,W",,,"15.0",",,W","8.9",",,W","    1",",,W",,,,,"    1",",,W"
"USW00023257","MERCED MUNICIPAL AIRPORT, CA US","37.28472","-120.51278","46.3","2018-01-07","1.8",",,W","0.0",",,W",,,"17.2",",,W","6.7",",,W","    1",",,W",,,,,"    1",",,W"
"USW00023257","MERCED MUNICIPAL AIRPORT, CA US","37.28472","-120.51278","46.3","2018-01-08","3.8",",,W","3.3",",,W",,,"15.0",",,W","10.6",",,W",,,,,,,,
"USW00023257","MERCED MUNICIPAL AIRPORT, CA US","37.28472","-120.51278","46.3","2018-01-09","2.6",",,W","12.7",",,W",,,"15.0",",,W","11.7",",,W","    1",",,W",,,,,,
"USW00023257","MERCED MUNICIPAL AIRPORT, CA US","37.28472","-120.51278","46.3","2018-01-10","1.4",",,W","0.0",",,W",,,"13.9",",,W","9.4",",,W","    1",",,W",,,,,"    1",",,W"
"USW00023257","MERCED MUNICIPAL AIRPORT, CA US","37.28472","-120.51278","46.3","2018-01-11","1.2",",,W","0.0",",,W",,,"16.1",",,W","6.7",",,W","    1",",,W",,,,,,
"USW00023257","MERCED MUNICIPAL AIRPORT, CA US","37.28472","-120.51278","46.3","2018-01-12","1.0",",,W","0.0",",,W",,,"11.7",",,W","5.0",",,W","    1",",,W","    1",",,W",,,"    1",",,W"
"USW00023257","MERCED MUNICIPAL AIRPORT, CA US","37.28472","-120.51278","46.3","2018-01-13","1.3",",,W","0.0",",,W",,,"10.6",",,W","9.4",",,W","    1",",,W",,,,,"    1",",,W"
"USW00023257","MERCED MUNICIPAL AIRPORT, CA US","37.28472","-120.51278","46.3","2018-01-14","1.4",",,W","0.0",",,W",,,"11.7",",,W","7.8",",,W","    1",",,W",,,,,"    1",",,W"
"USW00023257","MERCED MUNICIPAL AIRPORT, CA US","37.28472","-120.51278","46.3","2018-01-15","1.4",",,W","0.0",",,W",,,"13.9",",,W","5.6",",,W","    1",",,W","    1",",,W",,,"    1",",,W"
"USW00023257","MERCED MUNICIPAL AIRPORT, CA US","37.28472","-120.51278","46.3","2018-01-16","1.9",",,W","0.0",",,W",,,"13.9",",,W","8.3",",,W","    1",",,W","    1",",,W",,,"    1",",,W"
"USW00023257","MERCED MUNICIPAL AIRPORT, CA US","37.28472","-120.51278","46.3","2018-01-17","1.4",",,W","0.0",",,W",,,"12.8",",,W","5.6",",,W","    1",",,W","    1",",,W",,,"    1",",,W"
"USW00023257","MERCED MUNICIPAL AIRPORT, CA US","37.28472","-120.51278","46.3","2018-01-18","2.7",",,W","0.3",",,W",,,"13.3",",,W","7.8",",,W","    1",",,W","    1",",,W",,,"    1",",,W"
"USW00023257","MERCED MUNICIPAL AIRPORT, CA US","37.28472","-120.51278","46.3","2018-01-19","4.1",",,W","4.1",",,W",,,"15.0",",,W","5.0",",,W","    1",",,W",,,,,,
"USW00023257","MERCED MUNICIPAL AIRPORT, CA US","37.28472","-120.51278","46.3","2018-01-20","3.1",",,W","0.0",",,W",,,"13.3",",,W","1.7",",,W",,,,,,,,
"USW00023257","MERCED MUNICIPAL AIRPORT, CA US","37.28472","-120.51278","46.3","2018-01-21","1.6",",,W","0.0",",,W",,,"13.9",",,W","-0.5",",,W","    1",",,W",,,,,,
"USW00023257","MERCED MUNICIPAL AIRPORT, CA US","37.28472","-120.51278","46.3","2018-01-22","2.7",",,W","0.3",",,W",,,"15.0",",,W","3.3",",,W","    1",",,W",,,,,"    1",",,W"
"USW00023257","MERCED MUNICIPAL AIRPORT, CA US","37.28472","-120.51278","46.3","2018-01-23","1.5",",,W","0.0",",,W",,,"12.8",",,W","3.3",",,W",,,,,,,,
"USW00023257","MERCED MUNICIPAL AIRPORT, CA US","37.28472","-120.51278","46.3","2018-01-24","2.4",",,W","0.0",",,W",,,"13.3",",,W","1.7",",,W",,,,,,,,
"USW00023257","MERCED MUNICIPAL AIRPORT, CA US","37.28472","-120.51278","46.3","2018-01-25","1.3",",,W","3.0",",,W",,,"13.9",",,W","3.9",",,W",,,,,,,,
"USW00023257","MERCED MUNICIPAL AIRPORT, CA US","37.28472","-120.51278","46.3","2018-01-26","1.9",",,W","0.0",",,W",,,"14.4",",,W","1.1",",,W",,,,,,,,
"USW00023257","MERCED MUNICIPAL AIRPORT, CA US","37.28472","-120.51278","46.3","2018-01-27","1.8",",,W","0.0",",,W",,,"16.1",",,W","1.1",",,W",,,,,,,,
"USW00023257","MERCED MUNICIPAL AIRPORT, CA US","37.28472","-120.51278","46.3","2018-01-28","1.2",",,W","0.0",",,W",,,"16.1",",,W","1.1",",,W",,,,,,,,
"USW00023257","MERCED MUNICIPAL AIRPORT, CA US","37.28472","-120.51278","46.3","2018-01-29","1.2",",,W","0.0",",,W",,,"15.6",",,W","2.2",",,W",,,,,,,,
"USW00023257","MERCED MUNICIPAL AIRPORT, CA US","37.28472","-120.51278","46.3","2018-01-30","1.3",",,W","0.0",",,W",,,"18.9",",,W","3.9",",,W",,,,,,,,
"USW00023257","MERCED MUNICIPAL AIRPORT, CA US","37.28472","-120.51278","46.3","2018-01-31","0.8",",,W","0.0",",,W",,,"18.9",",,W","1.7",",,W",,,,,,,,
"USW00023257","MERCED MUNICIPAL AIRPORT, CA US","37.28472","-120.51278","46.3","2018-02-01","1.1",",,W","0.0",",,W",,,"20.0",",,W","5.0",",,W",,,,,,,,
"USW00023257","MERCED MUNICIPAL AIRPORT, CA US","37.28472","-120.51278","46.3","2018-02-02","0.8",",,W","0.0",",,W",,,"20.6",",,W","5.0",",,W",,,,,,,,
"USW00023257","MERCED MUNICIPAL AIRPORT, CA US","37.28472","-120.51278","46.3","2018-02-03","1.4",",,W","0.0",",,W",,,"22.2",",,W","3.9",",,W",,,,,,,,
"USW00023257","MERCED MUNICIPAL AIRPORT, CA US","37.28472","-120.51278","46.3","2018-02-04","1.1",",,W","0.0",",,W",,,"22.2",",,W","5.6",",,W",,,,,,,,
"USW00023257","MERCED MUNICIPAL AIRPORT, CA US","37.28472","-120.51278","46.3","2018-02-05","1.1",",,W","0.0",",,W",,,"21.7",",,W","5.6",",,W",,,,,,,,
"USW00023257","MERCED MUNICIPAL AIRPORT, CA US","37.28472","-120.51278","46.3","2018-02-06","1.3",",,W","0.0",",,W",,,"20.6",",,W","5.0",",,W",,,,,,,,
"USW00023257","MERCED MUNICIPAL AIRPORT, CA US","37.28472","-120.51278","46.3","2018-02-07","1.6",",,W","0.0",",,W",,,"23.3",",,W","6.1",",,W",,,,,,,,
"USW00023257","MERCED MUNICIPAL AIRPORT, CA US","37.28472","-120.51278","46.3","2018-02-08","0.9",",,W","0.0",",,W",,,"23.3",",,W","3.9",",,W",,,,,,,,
"USW00023257","MERCED MUNICIPAL AIRPORT, CA US","37.28472","-120.51278","46.3","2018-02-09","1.3",",,W","0.0",",,W",,,"23.9",",,W","5.6",",,W",,,,,,,,
"USW00023257","MERCED MUNICIPAL AIRPORT, CA US","37.28472","-120.51278","46.3","2018-02-10","3.2",",,W","0.0",",,W",,,"22.2",",,W","6.1",",,W",,,,,,,,
"USW00023257","MERCED MUNICIPAL AIRPORT, CA US","37.28472","-120.51278","46.3","2018-02-11","2.3",",,W","0.0",",,W",,,"18.3",",,W","1.1",",,W",,,,,,,,
"USW00023257","MERCED MUNICIPAL AIRPORT, CA US","37.28472","-120.51278","46.3","2018-02-12","1.5",",,W","0.0",",,W",,,"15.0",",,W","0.6",",,W",,,,,,,,
"USW00023257","MERCED MUNICIPAL AIRPORT, CA US","37.28472","-120.51278","46.3","2018-02-13","2.2",",,W","0.0",",,W",,,"17.2",",,W","-0.5",",,W",,,,,,,,
"USW00023257","MERCED MUNICIPAL AIRPORT, CA US","37.28472","-120.51278","46.3","2018-02-14","3.3",",,W","0.0",",,W",,,"19.4",",,W","2.8",",,W",,,,,,,,
"USW00023257","MERCED MUNICIPAL AIRPORT, CA US","37.28472","-120.51278","46.3","2018-02-15","3.6",",,W","0.0",",,W",,,"17.8",",,W","0.0",",,W",,,,,,,,
"USW00023257","MERCED MUNICIPAL AIRPORT, CA US","37.28472","-120.51278","46.3","2018-02-16","1.6",",,W","0.0",",,W",,,"19.4",",,W","-1.0",",,W",,,,,,,,
"USW00023257","MERCED MUNICIPAL AIRPORT, CA US","37.28472","-120.51278","46.3","2018-02-17","0.8",",,W","0.0",",,W",,,"21.1",",,W","0.6",",,W",,,,,,,,
"USW00023257","MERCED MUNICIPAL AIRPORT, CA US","37.28472","-120.51278","46.3","2018-02-18","4.0",",,W","0.0",",,W",,,"17.8",",,W","1.1",",,W",,,,,,,,
"USW00023257","MERCED MUNICIPAL AIRPORT, CA US","37.28472","-120.51278","46.3","2018-02-19","3.3",",,W","0.0",",,W",,,"11.7",",,W","-1.0",",,W",,,,,,,,
"USW00023257","MERCED MUNICIPAL AIRPORT, CA US","37.28472","-120.51278","46.3","2018-02-20","1.5",",,W","0.0",",,W",,,"12.2",",,W","-3.8",",,W",,,,,,,,
"USW00023257","MERCED MUNICIPAL AIRPORT, CA US","37.28472","-120.51278","46.3","2018-02-21","1.6",",,W","0.0",",,W",,,"13.9",",,W","-2.1",",,W",,,,,,,,
"USW00023257","MERCED MUNICIPAL AIRPORT, CA US","37.28472","-120.51278","46.3","2018-02-22","2.6",",,W","0.3",",,W",,,"13.3",",,W","-1.0",",,W",,,,,,,,
"USW00023257","MERCED MUNICIPAL AIRPORT, CA US","37.28472","-120.51278","46.3","2018-02-23","4.1",",,W","0.0",",,W",,,"12.2",",,W","-1.0",",,W","    1",",,W",,,,,,
"USW00023257","MERCED MUNICIPAL AIRPORT, CA US","37.28472","-120.51278","46.3","2018-02-24","2.5",",,W","0.0",",,W",,,"15.6",",,W","-4.3",",,W",,,,,,,,
"USW00023257","MERCED MUNICIPAL AIRPORT, CA US","37.28472","-120.51278","46.3","2018-02-25","2.4",",,W","0.0",",,W",,,"16.7",",,W","1.1",",,W",,,,,,,,
"USW00023257","MERCED MUNICIPAL AIRPORT, CA US","37.28472","-120.51278","46.3","2018-02-26","2.3",",,W","6.6",",,W",,,"8.3",",,W","1.1",",,W",,,,,,,,
"USW00023257","MERCED MUNICIPAL AIRPORT, CA US","37.28472","-120.51278","46.3","2018-02-27","2.1",",,W","0.5",",,W",,,"11.7",",,W","1.7",",,W",,,,,,,,
"USW00023257","MERCED MUNICIPAL AIRPORT, CA US","37.28472","-120.51278","46.3","2018-02-28","3.0",",,W","0.0",",,W",,,"15.0",",,W","-0.5",",,W",,,,,,,,
"USW00023257","MERCED MUNICIPAL AIRPORT, CA US","37.28472","-120.51278","46.3","2018-03-01","6.7",",,W","21.1",",,W",,,"12.2",",,W","7.8",",,W","    1",",,W",,,,,"    1",",,W"
"USW00023257","MERCED MUNICIPAL AIRPORT, CA US","37.28472","-120.51278","46.3","2018-03-02","3.6",",,W","7.1",",,W",,,"13.3",",,W","6.7",",,W","    1",",,W",,,,,,
"USW00023257","MERCED MUNICIPAL AIRPORT, CA US","37.28472","-120.51278","46.3","2018-03-03","1.5",",,W","3.3",",,W",,,"11.7",",,W","2.2",",,W","    1",",,W",,,,,"    1",",,W"
"USW00023257","MERCED MUNICIPAL AIRPORT, CA US","37.28472","-120.51278","46.3","2018-03-04","1.9",",,W","0.0",",,W",,,"13.9",",,W","1.1",",,W","    1",",,W",,,,,,
"USW00023257","MERCED MUNICIPAL AIRPORT, CA US","37.28472","-120.51278","46.3","2018-03-05","1.4",",,W","0.0",",,W",,,"16.1",",,W","0.0",",,W","    1",",,W",,,,,,
"USW00023257","MERCED MUNICIPAL AIRPORT, CA US","37.28472","-120.51278","46.3","2018-03-06","0.9",",,W","0.0",",,W",,,"20.0",",,W","0.6",",,W","    1",",,W",,,,,,
"USW00023257","MERCED MUNICIPAL AIRPORT, CA US","37.28472","-120.51278","46.3","2018-03-07","1.9",",,W","0.0",",,W",,,"22.2",",,W","5.0",",,W",,,,,,,,
"USW00023257","MERCED MUNICIPAL AIRPORT, CA US","37.28472","-120.51278","46.3","2018-03-08","1.7",",,W","0.0",",,W",,,"23.9",",,W","6.7",",,W",,,,,,,,
"USW00023257","MERCED MUNICIPAL AIRPORT, CA US","37.28472","-120.51278","46.3","2018-03-09","2.5",",,W","0.0",",,W",,,"21.1",",,W","10.0",",,W","    1",",,W",,,,,,
"USW00023257","MERCED MUNICIPAL AIRPORT, CA US","37.28472","-120.51278","46.3","2018-03-10","2.0",",,W","0.0",",,W",,,"17.8",",,W","7.8",",,W","    1",",,W",,,,,,
"USW00023257","MERCED MUNICIPAL AIRPORT, CA US","37.28472","-120.51278","46.3","2018-03-11","1.2",",,W","0.0",",,W",,,"21.1",",,W","6.1",",,W","    1",",,W","    1",",,W",,,"    1",",,W"
"USW00023257","MERCED MUNICIPAL AIRPORT, CA US","37.28472","-120.51278","46.3","2018-03-12","3.8",",,W","1.5",",,W",,,"25.0",",,W","8.3",",,W","    1",",,W",,,,,"    1",",,W"
"USW00023257","MERCED MUNICIPAL AIRPORT, CA US","37.28472","-120.51278","46.3","2018-03-13","4.4",",,W","5.6",",,W",,,"20.0",",,W","9.4",",,W","    1",",,W",,,"    1",",,W",,
"USW00023257","MERCED MUNICIPAL AIRPORT, CA US","37.28472","-120.51278","46.3","2018-03-14","2.5",",,W","1.5",",,W",,,"15.0",",,W","7.8",",,W","    1",",,W",,,,,,
"USW00023257","MERCED MUNICIPAL AIRPORT, CA US","37.28472","-120.51278","46.3","2018-03-15","2.2",",,W","0.8",",,W",,,"15.0",",,W","3.9",",,W",,,,,,,"    1",",,W"
"USW00023257","MERCED MUNICIPAL AIRPORT, CA US","37.28472","-120.51278","46.3","2018-03-16","3.6",",,W","5.3",",,W",,,"14.4",",,W","5.6",",,W","    1",",,W",,,"    1",",,W",,
"USW00023257","MERCED MUNICIPAL AIRPORT, CA US","37.28472","-120.51278","46.3","2018-03-17","2.2",",,W","0.0",",,W",,,"13.9",",,W","3.3",",,W",,,,,,,,
"USW00023257","MERCED MUNICIPAL AIRPORT, CA US","37.28472","-120.51278","46.3","2018-03-18","0.8",",,W","0.0",",,W",,,"14.4",",,W","-0.5",",,W","    1",",,W","    1",",,W",,,,
"USW00023257","MERCED MUNICIPAL AIRPORT, CA US","37.28472","-120.51278","46.3","2018-03-19","0.9",",,W","0.0",",,W",,,"18.9",",,W","0.0",",,W","    1",",,W","    1",",,W",,,,
"USW00023257","MERCED MUNICIPAL AIRPORT, CA US","37.28472","-120.51278","46.3","2018-03-20","3.8",",,W","3.0",",,W",,,"14.4",",,W","10.0",",,W","    1",",,W",,,,,,
"USW00023257","MERCED MUNICIPAL AIRPORT, CA US","37.28472","-120.51278","46.3","2018-03-21","6.7",",,W","9.9",",,W",,,"18.3",",,W","11.7",",,W","    1",",,W",,,,,,
"USW00023257","MERCED MUNICIPAL AIRPORT, CA US","37.28472","-120.51278","46.3","2018-03-22","5.9",",,W","15.7",",,W",,,"15.6",",,W","15.0",",,W","    1",",,W",,,,,,
"USW00023257","MERCED MUNICIPAL AIRPORT, CA US","37.28472","-120.51278","46.3","2018-03-23","2.0",",,W","0.0",",,W",,,"15.6",",,W","2.8",",,W",,,,,,,,
"USW00023257","MERCED MUNICIPAL AIRPORT, CA US","37.28472","-120.51278","46.3","2018-03-24","1.8",",,W","3.3",",,W",,,"16.1",",,W","3.3",",,W",,,,,,,,
"USW00023257","MERCED MUNICIPAL AIRPORT, CA US","37.28472","-120.51278","46.3","2018-03-25","4.1",",,W","0.0",",,W",,,"15.6",",,W","2.8",",,W",,,,,,,,
"USW00023257","MERCED MUNICIPAL AIRPORT, CA US","37.28472","-120.51278","46.3","2018-03-26","4.2",",,W","0.0",",,W",,,"18.3",",,W","4.4",",,W",,,,,,,,
"USW00023257","MERCED MUNICIPAL AIRPORT, CA US","37.28472","-120.51278","46.3","2018-03-27","1.4",",,W","0.0",",,W",,,"20.0",",,W","3.3",",,W",,,,,,,,
"USW00023257","MERCED MUNICIPAL AIRPORT, CA US","37.28472","-120.51278","46.3","2018-03-28","1.3",",,W","0.0",",,W",,,"23.9",",,W","5.6",",,W",,,,,,,,
"USW00023257","MERCED MUNICIPAL AIRPORT, CA US","37.28472","-120.51278","46.3","2018-03-29","0.8",",,W","0.0",",,W",,,"26.1",",,W","8.3",",,W",,,,,,,,
"USW00023257","MERCED MUNICIPAL AIRPORT, CA US","37.28472","-120.51278","46.3","2018-03-30","1.6",",,W","0.0",",,W",,,"27.2",",,W","8.9",",,W","    1",",,W",,,,,,
"USW00023257","MERCED MUNICIPAL AIRPORT, CA US","37.28472","-120.51278","46.3","2018-03-31","1.6",",,W","0.0",",,W",,,"26.7",",,W","7.8",",,W","    1",",,W","    1",",,W",,,,
"USW00023257","MERCED MUNICIPAL AIRPORT, CA US","37.28472","-120.51278","46.3","2018-04-01","2.0",",,W","0.0",",,W",,,"26.7",",,W","6.1",",,W",,,,,,,,
"USW00023257","MERCED MUNICIPAL AIRPORT, CA US","37.28472","-120.51278","46.3","2018-04-02","3.3",",,W","0.0",",,W",,,"25.0",",,W","8.9",",,W",,,,,,,,
"USW00023257","MERCED MUNICIPAL AIRPORT, CA US","37.28472","-120.51278","46.3","2018-04-03","1.7",",,W","0.0",",,W",,,"26.1",",,W","6.1",",,W","    1",",,W",,,,,,
"USW00023257","MERCED MUNICIPAL AIRPORT, CA US","37.28472","-120.51278","46.3","2018-04-04","2.4",",,W","0.0",",,W",,,"26.1",",,W","10.0",",,W",,,,,,,,
"USW00023257","MERCED MUNICIPAL AIRPORT, CA US","37.28472","-120.51278","46.3","2018-04-05","3.7",",,W","0.0",",,W",,,"22.2",",,W","10.0",",,W",,,,,,,,
"USW00023257","MERCED MUNICIPAL AIRPORT, CA US","37.28472","-120.51278","46.3","2018-04-06",,,,,,,"17.8",",,W","15.0",",,W","    1",",,W",,,,,,
"USW00023257","MERCED MUNICIPAL AIRPORT, CA US","37.28472","-120.51278","46.3","2018-04-07",,,"27.7",",,W",,,"21.1",",,W","8.3",",,W",,,,,,,,
"USW00023257","MERCED MUNICIPAL AIRPORT, CA US","37.28472","-120.51278","46.3","2018-04-08","4.8",",,W","0.0",",,W",,,"20.0",",,W","8.9",",,W",,,,,,,,
"USW00023257","MERCED MUNICIPAL AIRPORT, CA US","37.28472","-120.51278","46.3","2018-04-09","1.8",",,W","0.0",",,W",,,"22.8",",,W","6.1",",,W","    1",",,W",,,,,,
"USW00023257","MERCED MUNICIPAL AIRPORT, CA US","37.28472","-120.51278","46.3","2018-04-10","3.7",",,W","0.0",",,W",,,"25.6",",,W","13.3",",,W",,,,,,,,
"USW00023257","MERCED MUNICIPAL AIRPORT, CA US","37.28472","-120.51278","46.3","2018-04-11","3.9",",,W","0.0",",,W",,,"20.0",",,W","7.8",",,W",,,,,,,,
"USW00023257","MERCED MUNICIPAL AIRPORT, CA US","37.28472","-120.51278","46.3","2018-04-12","4.7",",,W","0.0",",,W",,,"17.2",",,W","5.6",",,W",,,,,,,,
"USW00023257","MERCED MUNICIPAL AIRPORT, CA US","37.28472","-120.51278","46.3","2018-04-13","3.0",",,W","0.0",",,W",,,"20.6",",,W","5.0",",,W",,,,,,,,
"USW00023257","MERCED MUNICIPAL AIRPORT, CA US","37.28472","-120.51278","46.3","2018-04-14","1.0",",,W","0.0",",,W",,,"25.0",",,W","5.6",",,W",,,,,,,,
"USW00023257","MERCED MUNICIPAL AIRPORT, CA US","37.28472","-120.51278","46.3","2018-04-15","2.7",",,W","0.0","T,,W",,,"25.6",",,W","10.6",",,W",,,,,,,,
"USW00023257","MERCED MUNICIPAL AIRPORT, CA US","37.28472","-120.51278","46.3","2018-04-16","2.3",",,W","4.1",",,W",,,"15.0",",,W","6.1",",,W","    1",",,W",,,"    1",",,W",,
"USW00023257","MERCED MUNICIPAL AIRPORT, CA US","37.28472","-120.51278","46.3","2018-04-17","1.7",",,W","0.0","T,,W",,,"17.8",",,W","4.4",",,W","    1",",,W","    1",",,W",,,,
"USW00023257","MERCED MUNICIPAL AIRPORT, CA US","37.28472","-120.51278","46.3","2018-04-18","1.8",",,W","0.0",",,W",,,"17.2",",,W","5.0",",,W","    1",",,W",,,,,,
"USW00023257","MERCED MUNICIPAL AIRPORT, CA US","37.28472","-120.51278","46.3","2018-04-19","4.3",",,W","0.0",",,W",,,"20.6",",,W","3.9",",,W",,,,,,,,
"USW00023257","MERCED MUNICIPAL AIRPORT, CA US","37.28472","-120.51278","46.3","2018-04-20","1.5",",,W","0.0",",,W",,,"25.0",",,W","3.9",",,W",,,,,,,,
"USW00023257","MERCED MUNICIPAL AIRPORT, CA US","37.28472","-120.51278","46.3","2018-04-21","1.4",",,W","0.0",",,W",,,"27.8",",,W","7.2",",,W",,,,,,,,
"USW00023257","MERCED MUNICIPAL AIRPORT, CA US","37.28472","-120.51278","46.3","2018-04-22","1.9",",,W","0.0",",,W",,,"29.4",",,W","9.4",",,W",,,,,,,,
"USW00023257","MERCED MUNICIPAL AIRPORT, CA US","37.28472","-120.51278","46.3","2018-04-23","2.1",",,W","0.0",",,W",,,"30.6",",,W","10.6",",,W","    1",",,W",,,,,,
"USW00023257","MERCED MUNICIPAL AIRPORT, CA US","37.28472","-120.51278","46.3","2018-04-24","2.7",",,W","0.0",",,W",,,"31.1",",,W","11.1",",,W",,,,,,,,
"USW00023257","MERCED MUNICIPAL AIRPORT, CA US","37.28472","-120.51278","46.3","2018-04-25","3.6",",,W","0.0",",,W",,,"30.0",",,W","11.1",",,W",,,,,,,,
"USW00023257","MERCED MUNICIPAL AIRPORT, CA US","37.28472","-120.51278","46.3","2018-04-26","3.7",",,W","0.0",",,W",,,"27.8",",,W","11.1",",,W",,,,,,,,
"USW00023257","MERCED MUNICIPAL AIRPORT, CA US","37.28472","-120.51278","46.3","2018-04-27","4.9",",,W","0.0",",,W",,,"22.8",",,W","8.3",",,W",,,,,,,,
"USW00023257","MERCED MUNICIPAL AIRPORT, CA US","37.28472","-120.51278","46.3","2018-04-28","4.7",",,W","0.0",",,W",,,"21.7",",,W","8.9",",,W",,,,,,,,
"USW00023257","MERCED MUNICIPAL AIRPORT, CA US","37.28472","-120.51278","46.3","2018-04-29","3.8",",,W","0.0",",,W",,,"20.6",",,W","7.8",",,W",,,,,,,,
"USW00023257","MERCED MUNICIPAL AIRPORT, CA US","37.28472","-120.51278","46.3","2018-04-30","3.0",",,W","0.0","T,,W",,,"22.2",",,W","6.7",",,W",,,,,,,,
"USW00023257","MERCED MUNICIPAL AIRPORT, CA US","37.28472","-120.51278","46.3","2018-05-01","2.6",",,W","0.0","T,,W",,,"24.4",",,W","7.8",",,W",,,,,"    1",",,W",,
"USW00023257","MERCED MUNICIPAL AIRPORT, CA US","37.28472","-120.51278","46.3","2018-05-02","2.3",",,W","0.0",",,W",,,"25.0",",,W","8.9",",,W",,,,,,,,
"USW00023257","MERCED MUNICIPAL AIRPORT, CA US","37.28472","-120.51278","46.3","2018-05-03","3.0",",,W","0.0",",,W",,,"26.7",",,W","8.9",",,W",,,,,,,,
"USW00023257","MERCED MUNICIPAL AIRPORT, CA US","37.28472","-120.51278","46.3","2018-05-04","2.7",",,W","0.0",",,W",,,"30.6",",,W","10.0",",,W",,,,,,,,
"USW00023257","MERCED MUNICIPAL AIRPORT, CA US","37.28472","-120.51278","46.3","2018-05-05","2.8",",,W","0.0",",,W",,,"30.6",",,W","12.2",",,W",,,,,,,,
"USW00023257","MERCED MUNICIPAL AIRPORT, CA US","37.28472","-120.51278","46.3","2018-05-06","4.1",",,W","0.0",",,W",,,"27.8",",,W","11.1",",,W",,,,,,,,
"USW00023257","MERCED MUNICIPAL AIRPORT, CA US","37.28472","-120.51278","46.3","2018-05-07","3.4",",,W","0.0",",,W",,,"30.0",",,W","11.1",",,W",,,,,,,,
"USW00023257","MERCED MUNICIPAL AIRPORT, CA US","37.28472","-120.51278","46.3","2018-05-08","3.2",",,W","0.0",",,W",,,"32.2",",,W","12.2",",,W",,,,,,,,
"USW00023257","MERCED MUNICIPAL AIRPORT, CA US","37.28472","-120.51278","46.3","2018-05-09","5.4",",,W","0.0",",,W",,,"29.4",",,W","14.4",",,W",,,,,,,,
"USW00023257","MERCED MUNICIPAL AIRPORT, CA US","37.28472","-120.51278","46.3","2018-05-10","3.6",",,W","0.0",",,W",,,"29.4",",,W","11.7",",,W",,,,,,,,
"USW00023257","MERCED MUNICIPAL AIRPORT, CA US","37.28472","-120.51278","46.3","2018-05-11","5.5",",,W","0.0",",,W",,,"27.8",",,W","11.1",",,W",,,,,,,,
"USW00023257","MERCED MUNICIPAL AIRPORT, CA US","37.28472","-120.51278","46.3","2018-05-12","3.1",",,W","0.0",",,W",,,"28.3",",,W","11.1",",,W",,,,,,,,
"USW00023257","MERCED MUNICIPAL AIRPORT, CA US","37.28472","-120.51278","46.3","2018-05-13","3.8",",,W","0.0",",,W",,,"27.2",",,W","11.7",",,W",,,,,,,,
"USW00023257","MERCED MUNICIPAL AIRPORT, CA US","37.28472","-120.51278","46.3","2018-05-14","3.8",",,W","0.0",",,W",,,"27.2",",,W","11.1",",,W",,,,,,,,
"USW00023257","MERCED MUNICIPAL AIRPORT, CA US","37.28472","-120.51278","46.3","2018-05-15","4.4",",,W","0.0",",,W",,,"26.7",",,W","11.7",",,W",,,,,,,,
"USW00023257","MERCED MUNICIPAL AIRPORT, CA US","37.28472","-120.51278","46.3","2018-05-16","3.4",",,W","0.0",",,W",,,"22.8",",,W","12.2",",,W",,,,,,,,
"USW00023257","MERCED MUNICIPAL AIRPORT, CA US","37.28472","-120.51278","46.3","2018-05-17","3.9",",,W","0.0",",,W",,,"27.2",",,W","10.0",",,W",,,,,,,,
"USW00023257","MERCED MUNICIPAL AIRPORT, CA US","37.28472","-120.51278","46.3","2018-05-18","3.1",",,W","0.0",",,W",,,"28.9",",,W","11.1",",,W",,,,,,,,
"USW00023257","MERCED MUNICIPAL AIRPORT, CA US","37.28472","-120.51278","46.3","2018-05-19","3.6",",,W","0.0",",,W",,,"28.9",",,W","12.8",",,W",,,,,,,,
"USW00023257","MERCED MUNICIPAL AIRPORT, CA US","37.28472","-120.51278","46.3","2018-05-20","3.3",",,W","0.0",",,W",,,"26.1",",,W","10.0",",,W",,,,,,,,
"USW00023257","MERCED MUNICIPAL AIRPORT, CA US","37.28472","-120.51278","46.3","2018-05-21","2.1",",,W","0.0",",,W",,,"26.7",",,W","10.6",",,W",,,,,,,"    1",",,W"
"USW00023257","MERCED MUNICIPAL AIRPORT, CA US","37.28472","-120.51278","46.3","2018-05-22","2.7",",,W","0.0",",,W",,,"29.4",",,W","12.8",",,W",,,,,,,,
"USW00023257","MERCED MUNICIPAL AIRPORT, CA US","37.28472","-120.51278","46.3","2018-05-23","4.3",",,W","0.0",",,W",,,"27.8",",,W","12.8",",,W",,,,,,,,
"USW00023257","MERCED MUNICIPAL AIRPORT, CA US","37.28472","-120.51278","46.3","2018-05-24","4.6",",,W","0.0",",,W",,,"26.7",",,W","11.7",",,W",,,,,,,"    1",",,W"
"USW00023257","MERCED MUNICIPAL AIRPORT, CA US","37.28472","-120.51278","46.3","2018-05-25","2.2",",,W","3.8",",,W",,,"20.0",",,W","10.0",",,W",,,,,"    1",",,W",,
"USW00023257","MERCED MUNICIPAL AIRPORT, CA US","37.28472","-120.51278","46.3","2018-05-26","3.5",",,W","0.0",",,W",,,"23.9",",,W","11.1",",,W",,,,,,,,
"USW00023257","MERCED MUNICIPAL AIRPORT, CA US","37.28472","-120.51278","46.3","2018-05-27","2.5",",,W","0.0",",,W",,,"29.4",",,W","11.7",",,W",,,,,,,,
"USW00023257","MERCED MUNICIPAL AIRPORT, CA US","37.28472","-120.51278","46.3","2018-05-28","2.2",",,W","0.0",",,W",,,"33.9",",,W","13.9",",,W",,,,,,,,
"USW00023257","MERCED MUNICIPAL AIRPORT, CA US","37.28472","-120.51278","46.3","2018-05-29","2.2",",,W","0.0",",,W",,,"36.7",",,W","16.7",",,W",,,,,,,,
"USW00023257","MERCED MUNICIPAL AIRPORT, CA US","37.28472","-120.51278","46.3","2018-05-30","3.7",",,W","0.0",",,W",,,"28.3",",,W","12.2",",,W",,,,,,,,
"USW00023257","MERCED MUNICIPAL AIRPORT, CA US","37.28472","-120.51278","46.3","2018-05-31","3.4",",,W","0.0",",,W",,,"23.9",",,W","8.9",",,W",,,,,,,"    1",",,W"
"USW00023257","MERCED MUNICIPAL AIRPORT, CA US","37.28472","-120.51278","46.3","2018-06-01","3.4",",,W","0.0",",,W",,,"28.9",",,W","10.0",",,W",,,,,,,,
"USW00023257","MERCED MUNICIPAL AIRPORT, CA US","37.28472","-120.51278","46.3","2018-06-02","1.5",",,W","0.0",",,W",,,"34.4",",,W","13.3",",,W",,,,,,,,
"USW00023257","MERCED MUNICIPAL AIRPORT, CA US","37.28472","-120.51278","46.3","2018-06-03","2.5",",,W","0.0",",,W",,,"38.9",",,W","15.6",",,W",,,,,,,"    1",",,W"
"USW00023257","MERCED MUNICIPAL AIRPORT, CA US","37.28472","-120.51278","46.3","2018-06-04","5.0",",,W","0.0",",,W",,,"36.1",",,W","16.7",",,W",,,,,,,,
"USW00023257","MERCED MUNICIPAL AIRPORT, CA US","37.28472","-120.51278","46.3","2018-06-05","3.1",",,W","0.0",",,W",,,"31.1",",,W","11.7",",,W",,,,,,,,
"USW00023257","MERCED MUNICIPAL AIRPORT, CA US","37.28472","-120.51278","46.3","2018-06-06","3.2",",,W","0.0",",,W",,,"28.9",",,W","12.2",",,W",,,,,,,,
"USW00023257","MERCED MUNICIPAL AIRPORT, CA US","37.28472","-120.51278","46.3","2018-06-07","2.9",",,W","0.0",",,W",,,"29.4",",,W","11.7",",,W",,,,,,,,
"USW00023257","MERCED MUNICIPAL AIRPORT, CA US","37.28472","-120.51278","46.3","2018-06-08","4.0",",,W","0.0",",,W",,,"32.2",",,W","11.7",",,W",,,,,,,,
"USW00023257","MERCED MUNICIPAL AIRPORT, CA US","37.28472","-120.51278","46.3","2018-06-09","5.6",",,W","0.0",",,W",,,"27.2",",,W","13.9",",,W",,,,,,,,
"USW00023257","MERCED MUNICIPAL AIRPORT, CA US","37.28472","-120.51278","46.3","2018-06-10","5.7",",,W","0.0",",,W",,,"27.8",",,W","12.8",",,W",,,,,,,,
"USW00023257","MERCED MUNICIPAL AIRPORT, CA US","37.28472","-120.51278","46.3","2018-06-11","3.6",",,W","0.0",",,W",,,"32.2",",,W","11.7",",,W",,,,,,,,
"USW00023257","MERCED MUNICIPAL AIRPORT, CA US","37.28472","-120.51278","46.3","2018-06-12","2.2",",,W","0.0",",,W",,,"36.7",",,W","15.6",",,W",,,,,,,,
"USW00023257","MERCED MUNICIPAL AIRPORT, CA US","37.28472","-120.51278","46.3","2018-06-13","2.2",",,W","0.0",",,W",,,"37.8",",,W","17.2",",,W",,,,,,,,
"USW00023257","MERCED MUNICIPAL AIRPORT, CA US","37.28472","-120.51278","46.3","2018-06-14","2.8",",,W","0.0",",,W",,,"36.1",",,W","15.6",",,W",,,,,,,,
"USW00023257","MERCED MUNICIPAL AIRPORT, CA US","37.28472","-120.51278","46.3","2018-06-15","2.8",",,W","0.0",",,W",,,"32.8",",,W","13.9",",,W",,,,,,,,
"USW00023257","MERCED MUNICIPAL AIRPORT, CA US","37.28472","-120.51278","46.3","2018-06-16","3.7",",,W","0.0",",,W",,,"29.4",",,W","12.2",",,W",,,,,,,,
"USW00023257","MERCED MUNICIPAL AIRPORT, CA US","37.28472","-120.51278","46.3","2018-06-17","2.7",",,W","0.0",",,W",,,"26.1",",,W","11.1",",,W",,,,,,,,
"USW00023257","MERCED MUNICIPAL AIRPORT, CA US","37.28472","-120.51278","46.3","2018-06-18","3.5",",,W","0.0",",,W",,,"31.1",",,W","12.8",",,W",,,,,,,,
"USW00023257","MERCED MUNICIPAL AIRPORT, CA US","37.28472","-120.51278","46.3","2018-06-19","3.4",",,W","0.0",",,W",,,"33.9",",,W","15.0",",,W",,,,,,,,
"USW00023257","MERCED MUNICIPAL AIRPORT, CA US","37.28472","-120.51278","46.3","2018-06-20","4.5",",,W","0.0",",,W",,,"35.0",",,W","15.6",",,W",,,,,,,,
"USW00023257","MERCED MUNICIPAL AIRPORT, CA US","37.28472","-120.51278","46.3","2018-06-21","3.8",",,W","0.0",",,W",,,"34.4",",,W","13.3",",,W",,,,,,,,
"USW00023257","MERCED MUNICIPAL AIRPORT, CA US","37.28472","-120.51278","46.3","2018-06-22","3.0",",,W","0.0",",,W",,,"37.8",",,W","14.4",",,W",,,,,,,"    1",",,W"
"USW00023257","MERCED MUNICIPAL AIRPORT, CA US","37.28472","-120.51278","46.3","2018-06-23","3.4",",,W","0.0",",,W",,,"37.8",",,W","17.8",",,W",,,,,,,,
"USW00023257","MERCED MUNICIPAL AIRPORT, CA US","37.28472","-120.51278","46.3","2018-06-24","3.6",",,W","0.0",",,W",,,"36.7",",,W","17.8",",,W",,,,,,,,
"USW00023257","MERCED MUNICIPAL AIRPORT, CA US","37.28472","-120.51278","46.3","2018-06-25","3.4",",,W","0.0",",,W",,,"32.2",",,W","15.6",",,W",,,,,,,,
"USW00023257","MERCED MUNICIPAL AIRPORT, CA US","37.28472","-120.51278","46.3","2018-06-26","2.9",",,W","0.0",",,W",,,"36.1",",,W","16.1",",,W",,,,,,,,
"USW00023257","MERCED MUNICIPAL AIRPORT, CA US","37.28472","-120.51278","46.3","2018-06-27","3.0",",,W","0.0",",,W",,,"35.0",",,W","15.0",",,W",,,,,,,,
"USW00023257","MERCED MUNICIPAL AIRPORT, CA US","37.28472","-120.51278","46.3","2018-06-28","3.3",",,W","0.0",",,W",,,"31.7",",,W","13.9",",,W",,,,,,,,
"USW00023257","MERCED MUNICIPAL AIRPORT, CA US","37.28472","-120.51278","46.3","2018-06-29","3.3",",,W","0.0",",,W",,,"34.4",",,W","14.4",",,W",,,,,,,,
"USW00023257","MERCED MUNICIPAL AIRPORT, CA US","37.28472","-120.51278","46.3","2018-06-30","2.1",",,W","0.0",",,W",,,"36.7",",,W","16.7",",,W",,,,,,,"    1",",,W"
"USW00023257","MERCED MUNICIPAL AIRPORT, CA US","37.28472","-120.51278","46.3","2018-07-01","3.5",",,W","0.0",",,W",,,"36.7",",,W","19.4",",,W",,,,,,,,
"USW00023257","MERCED MUNICIPAL AIRPORT, CA US","37.28472","-120.51278","46.3","2018-07-02","3.8",",,W","0.0",",,W",,,"33.9",",,W","17.2",",,W",,,,,,,"    1",",,W"
"USW00023257","MERCED MUNICIPAL AIRPORT, CA US","37.28472","-120.51278","46.3","2018-07-03","3.1",",,W","0.0",",,W",,,"32.8",",,W","16.1",",,W",,,,,,,,
"USW00023257","MERCED MUNICIPAL AIRPORT, CA US","37.28472","-120.51278","46.3","2018-07-04","3.2",",,W","0.0",",,W",,,"31.7",",,W","15.0",",,W",,,,,,,,
"USW00023257","MERCED MUNICIPAL AIRPORT, CA US","37.28472","-120.51278","46.3","2018-07-05","3.7",",,W","0.0",",,W",,,"33.9",",,W","15.0",",,W",,,,,,,,
"USW00023257","MERCED MUNICIPAL AIRPORT, CA US","37.28472","-120.51278","46.3","2018-07-06","5.0",",,W","0.0",",,W",,,"37.2",",,W","21.7",",,W",,,,,,,,
"USW00023257","MERCED MUNICIPAL AIRPORT, CA US","37.28472","-120.51278","46.3","2018-07-07","5.1",",,W","0.0",",,W",,,"37.8",",,W","21.1",",,W",,,,,,,,
"USW00023257","MERCED MUNICIPAL AIRPORT, CA US","37.28472","-120.51278","46.3","2018-07-08","4.3",",,W","0.0",",,W",,,"37.8",",,W","17.2",",,W",,,,,,,,
"USW00023257","MERCED MUNICIPAL AIRPORT, CA US","37.28472","-120.51278","46.3","2018-07-09","4.6",",,W","0.0",",,W",,,"37.8",",,W","15.6",",,W",,,,,,,,
"USW00023257","MERCED MUNICIPAL AIRPORT, CA US","37.28472","-120.51278","46.3","2018-07-10","3.8",",,W","0.0",",,W",,,"37.2",",,W","17.2",",,W",,,,,,,,
"USW00023257","MERCED MUNICIPAL AIRPORT, CA US","37.28472","-120.51278","46.3","2018-07-11","2.4",",,W","0.0",",,W",,,"37.8",",,W","17.2",",,W",,,,,,,,
"USW00023257","MERCED MUNICIPAL AIRPORT, CA US","37.28472","-120.51278","46.3","2018-07-12","3.4",",,W","0.0",",,W",,,"37.8",",,W","21.1",",,W",,,,,,,,
"USW00023257","MERCED MUNICIPAL AIRPORT, CA US","37.28472","-120.51278","46.3","2018-07-13","4.5",",,W","0.0",",,W",,,"36.7",",,W","23.3",",,W",,,,,,,,
"USW00023257","MERCED MUNICIPAL AIRPORT, CA US","37.28472","-120.51278","46.3","2018-07-14","4.7",",,W","0.0",",,W",,,"37.8",",,W","21.1",",,W",,,,,,,,
"USW00023257","MERCED MUNICIPAL AIRPORT, CA US","37.28472","-120.51278","46.3","2018-07-15","3.8",",,W","0.0",",,W",,,"36.7",",,W","19.4",",,W",,,,,,,,
"USW00023257","MERCED MUNICIPAL AIRPORT, CA US","37.28472","-120.51278","46.3","2018-07-16","3.7",",,W","0.0",",,W",,,"37.8",",,W","17.8",",,W",,,,,,,,
"USW00023257","MERCED MUNICIPAL AIRPORT, CA US","37.28472","-120.51278","46.3","2018-07-17","3.5",",,W","0.0",",,W",,,"38.9",",,W","18.3",",,W",,,,,,,,
"USW00023257","MERCED MUNICIPAL AIRPORT, CA US","37.28472","-120.51278","46.3","2018-07-18","2.3",",,W","0.0",",,W",,,"38.9",",,W","16.7",",,W",,,,,,,,
"USW00023257","MERCED MUNICIPAL AIRPORT, CA US","37.28472","-120.51278","46.3","2018-07-19","2.5",",,W","0.0",",,W",,,"38.9",",,W","18.3",",,W",,,,,,,"    1",",,W"
"USW00023257","MERCED MUNICIPAL AIRPORT, CA US","37.28472","-120.51278","46.3","2018-07-20","3.7",",,W","0.0",",,W",,,"37.2",",,W","21.7",",,W",,,,,,,,
"USW00023257","MERCED MUNICIPAL AIRPORT, CA US","37.28472","-120.51278","46.3","2018-07-21","3.9",",,W","0.0",",,W",,,"35.6",",,W","22.2",",,W",,,,,,,,
"USW00023257","MERCED MUNICIPAL AIRPORT, CA US","37.28472","-120.51278","46.3","2018-07-22","4.1",",,W","0.0",",,W",,,"36.1",",,W","20.6",",,W",,,,,,,,
"USW00023257","MERCED MUNICIPAL AIRPORT, CA US","37.28472","-120.51278","46.3","2018-07-23","4.1",",,W","0.0",",,W",,,"37.8",",,W","17.8",",,W",,,,,,,,
"USW00023257","MERCED MUNICIPAL AIRPORT, CA US","37.28472","-120.51278","46.3","2018-07-24","4.8",",,W","0.0",",,W",,,"39.4",",,W","19.4",",,W",,,,,,,,
"USW00023257","MERCED MUNICIPAL AIRPORT, CA US","37.28472","-120.51278","46.3","2018-07-25","4.3",",,W","0.0",",,W",,,"40.0",",,W","18.3",",,W",,,,,,,,
"USW00023257","MERCED MUNICIPAL AIRPORT, CA US","37.28472","-120.51278","46.3","2018-07-26","2.8",",,W","0.0",",,W",,,"38.3",",,W","21.1",",,W",,,,,,,"    1",",,W"
"USW00023257","MERCED MUNICIPAL AIRPORT, CA US","37.28472","-120.51278","46.3","2018-07-27","3.2",",,W","0.0",",,W",,,"38.3",",,W","17.2",",,W",,,,,,,,
"USW00023257","MERCED MUNICIPAL AIRPORT, CA US","37.28472","-120.51278","46.3","2018-07-28","2.6",",,W","0.0",",,W",,,"36.7",",,W","16.7",",,W",,,,,,,"    1",",,W"
"USW00023257","MERCED MUNICIPAL AIRPORT, CA US","37.28472","-120.51278","46.3","2018-07-29","2.7",",,W","0.0",",,W",,,"36.1",",,W","18.9",",,W",,,,,,,"    1",",,W"
"USW00023257","MERCED MUNICIPAL AIRPORT, CA US","37.28472","-120.51278","46.3","2018-07-30","2.4",",,W","0.0",",,W",,,"35.0",",,W","17.2",",,W",,,,,,,"    1",",,W"
"USW00023257","MERCED MUNICIPAL AIRPORT, CA US","37.28472","-120.51278","46.3","2018-07-31","2.6",",,W","0.0",",,W",,,"37.2",",,W","18.9",",,W",,,,,,,"    1",",,W"
"USW00023257","MERCED MUNICIPAL AIRPORT, CA US","37.28472","-120.51278","46.3","2018-08-01","2.9",",,W","0.0",",,W",,,"37.2",",,W","18.9",",,W",,,,,,,"    1",",,W"
"USW00023257","MERCED MUNICIPAL AIRPORT, CA US","37.28472","-120.51278","46.3","2018-08-02","3.2",",,W","0.0",",,W",,,"36.1",",,W","17.8",",,W",,,,,,,"    1",",,W"
"USW00023257","MERCED MUNICIPAL AIRPORT, CA US","37.28472","-120.51278","46.3","2018-08-03","2.6",",,W","0.0",",,W",,,"36.1",",,W","15.6",",,W",,,,,,,"    1",",,W"
"USW00023257","MERCED MUNICIPAL AIRPORT, CA US","37.28472","-120.51278","46.3","2018-08-04","3.8",",,W","0.0",",,W",,,"36.7",",,W","16.7",",,W",,,,,,,"    1",",,W"
"USW00023257","MERCED MUNICIPAL AIRPORT, CA US","37.28472","-120.51278","46.3","2018-08-05","3.2",",,W","0.0",",,W",,,"35.0",",,W","13.9",",,W",,,,,,,"    1",",,W"
"USW00023257","MERCED MUNICIPAL AIRPORT, CA US","37.28472","-120.51278","46.3","2018-08-06","3.5",",,W","0.0",",,W",,,"34.4",",,W","15.0",",,W",,,,,,,"    1",",,W"
"USW00023257","MERCED MUNICIPAL AIRPORT, CA US","37.28472","-120.51278","46.3","2018-08-07","2.5",",,W","0.0",",,W",,,"35.0",",,W","15.0",",,W",,,,,,,"    1",",,W"
"USW00023257","MERCED MUNICIPAL AIRPORT, CA US","37.28472","-120.51278","46.3","2018-08-08","1.7",",,W","0.0",",,W",,,"37.8",",,W","15.0",",,W","    1",",,W",,,,,"    1",",,W"
"USW00023257","MERCED MUNICIPAL AIRPORT, CA US","37.28472","-120.51278","46.3","2018-08-09","1.8",",,W","0.0",",,W",,,"38.9",",,W","16.1",",,W","    1",",,W",,,,,"    1",",,W"
"USW00023257","MERCED MUNICIPAL AIRPORT, CA US","37.28472","-120.51278","46.3","2018-08-10","2.5",",,W","0.0",",,W",,,"38.3",",,W","17.2",",,W","    1",",,W",,,,,"    1",",,W"
"USW00023257","MERCED MUNICIPAL AIRPORT, CA US","37.28472","-120.51278","46.3","2018-08-11","1.9",",,W","0.0",",,W",,,"37.2",",,W","18.3",",,W",,,,,,,,
"USW00023257","MERCED MUNICIPAL AIRPORT, CA US","37.28472","-120.51278","46.3","2018-08-12","1.7",",,W","0.0",",,W",,,"37.8",",,W","15.6",",,W",,,,,,,,
"USW00023257","MERCED MUNICIPAL AIRPORT, CA US","37.28472","-120.51278","46.3","2018-08-13","2.9",",,W","0.0",",,W",,,"35.6",",,W","16.1",",,W",,,,,,,"    1",",,W"
"USW00023257","MERCED MUNICIPAL AIRPORT, CA US","37.28472","-120.51278","46.3","2018-08-14","3.6",",,W","0.0",",,W",,,"33.9",",,W","15.6",",,W",,,,,,,,
"USW00023257","MERCED MUNICIPAL AIRPORT, CA US","37.28472","-120.51278","46.3","2018-08-15","3.7",",,W","0.0",",,W",,,"32.8",",,W","15.6",",,W",,,,,,,,
"USW00023257","MERCED MUNICIPAL AIRPORT, CA US","37.28472","-120.51278","46.3","2018-08-16","3.4",",,W","0.0",",,W",,,"35.6",",,W","14.4",",,W",,,,,,,"    1",",,W"
"USW00023257","MERCED MUNICIPAL AIRPORT, CA US","37.28472","-120.51278","46.3","2018-08-17","3.3",",,W","0.0",",,W",,,"38.3",",,W","17.8",",,W",,,,,,,,
"USW00023257","MERCED MUNICIPAL AIRPORT, CA US","37.28472","-120.51278","46.3","2018-08-18","3.2",",,W","0.0",",,W",,,"38.3",",,W","16.7",",,W",,,,,,,"    1",",,W"
"USW00023257","MERCED MUNICIPAL AIRPORT, CA US","37.28472","-120.51278","46.3","2018-08-19","2.3",",,W","0.0",",,W",,,"38.3",",,W","16.1",",,W",,,,,,,"    1",",,W"
"USW00023257","MERCED MUNICIPAL AIRPORT, CA US","37.28472","-120.51278","46.3","2018-08-20","2.6",",,W","0.0",",,W",,,"35.6",",,W","16.7",",,W",,,,,,,"    1",",,W"
"USW00023257","MERCED MUNICIPAL AIRPORT, CA US","37.28472","-120.51278","46.3","2018-08-21","3.6",",,W","0.0",",,W",,,"31.7",",,W","15.0",",,W",,,,,,,"    1",",,W"
"USW00023257","MERCED MUNICIPAL AIRPORT, CA US","37.28472","-120.51278","46.3","2018-08-22","3.7",",,W","0.0",",,W",,,"31.7",",,W","13.9",",,W","    1",",,W",,,,,"    1",",,W"
"USW00023257","MERCED MUNICIPAL AIRPORT, CA US","37.28472","-120.51278","46.3","2018-08-23","3.4",",,W","0.0",",,W",,,"31.7",",,W","14.4",",,W","    1",",,W",,,,,"    1",",,W"
"USW00023257","MERCED MUNICIPAL AIRPORT, CA US","37.28472","-120.51278","46.3","2018-08-24","3.2",",,W","0.0",",,W",,,"30.6",",,W","13.3",",,W","    1",",,W",,,,,"    1",",,W"
"USW00023257","MERCED MUNICIPAL AIRPORT, CA US","37.28472","-120.51278","46.3","2018-08-25","2.4",",,W","0.0",",,W",,,"31.1",",,W","14.4",",,W","    1",",,W",,,,,"    1",",,W"
"USW00023257","MERCED MUNICIPAL AIRPORT, CA US","37.28472","-120.51278","46.3","2018-08-26","2.6",",,W","0.0",",,W",,,"33.3",",,W","13.3",",,W","    1",",,W",,,,,"    1",",,W"
"USW00023257","MERCED MUNICIPAL AIRPORT, CA US","37.28472","-120.51278","46.3","2018-08-27","2.8",",,W","0.0",",,W",,,"31.1",",,W","12.8",",,W","    1",",,W",,,,,"    1",",,W"
"USW00023257","MERCED MUNICIPAL AIRPORT, CA US","37.28472","-120.51278","46.3","2018-08-28","3.3",",,W","0.0",",,W",,,"30.0",",,W","15.0",",,W",,,,,,,,
"USW00023257","MERCED MUNICIPAL AIRPORT, CA US","37.28472","-120.51278","46.3","2018-08-29","3.6",",,W","0.0",",,W",,,"29.4",",,W","14.4",",,W",,,,,,,,
"USW00023257","MERCED MUNICIPAL AIRPORT, CA US","37.28472","-120.51278","46.3","2018-08-30","3.8",",,W","0.0",",,W",,,"28.9",",,W","14.4",",,W",,,,,,,,
"USW00023257","MERCED MUNICIPAL AIRPORT, CA US","37.28472","-120.51278","46.3","2018-08-31","3.1",",,W","0.0",",,W",,,"31.1",",,W","12.8",",,W","    1",",,W",,,,,"    1",",,W"
"USW00023257","MERCED MUNICIPAL AIRPORT, CA US","37.28472","-120.51278","46.3","2018-09-01","2.2",",,W","0.0",",,W",,,"32.8",",,W","15.0",",,W",,,,,,,"    1",",,W"
"USW00023257","MERCED MUNICIPAL AIRPORT, CA US","37.28472","-120.51278","46.3","2018-09-02","2.0",",,W","0.0",",,W",,,"35.6",",,W","16.7",",,W",,,,,,,"    1",",,W"
"USW00023257","MERCED MUNICIPAL AIRPORT, CA US","37.28472","-120.51278","46.3","2018-09-03","2.9",",,W","0.0",",,W",,,"34.4",",,W","16.1",",,W",,,,,,,,
"USW00023257","MERCED MUNICIPAL AIRPORT, CA US","37.28472","-120.51278","46.3","2018-09-04","2.1",",,W","0.0",",,W",,,"36.1",",,W","14.4",",,W","    1",",,W",,,,,"    1",",,W"
"USW00023257","MERCED MUNICIPAL AIRPORT, CA US","37.28472","-120.51278","46.3","2018-09-05","3.0",",,W","0.0",",,W",,,"36.1",",,W","16.1",",,W",,,,,,,"    1",",,W"
"USW00023257","MERCED MUNICIPAL AIRPORT, CA US","37.28472","-120.51278","46.3","2018-09-06","4.0",",,W","0.0",",,W",,,"33.9",",,W","14.4",",,W",,,,,,,,
"USW00023257","MERCED MUNICIPAL AIRPORT, CA US","37.28472","-120.51278","46.3","2018-09-07","2.6",",,W","0.0",",,W",,,"36.7",",,W","15.0",",,W",,,,,,,,
"USW00023257","MERCED MUNICIPAL AIRPORT, CA US","37.28472","-120.51278","46.3","2018-09-08","3.1",",,W","0.0",",,W",,,"35.6",",,W","13.9",",,W",,,,,,,"    1",",,W"
"USW00023257","MERCED MUNICIPAL AIRPORT, CA US","37.28472","-120.51278","46.3","2018-09-09","2.9",",,W","0.0",",,W",,,"35.0",",,W","13.3",",,W",,,,,,,,
"USW00023257","MERCED MUNICIPAL AIRPORT, CA US","37.28472","-120.51278","46.3","2018-09-10","2.1",",,W","0.0",",,W",,,"33.9",",,W","11.1",",,W",,,,,,,"    1",",,W"
"USW00023257","MERCED MUNICIPAL AIRPORT, CA US","37.28472","-120.51278","46.3","2018-09-11","2.4",",,W","0.0",",,W",,,"33.9",",,W","11.1",",,W",,,,,,,,
"USW00023257","MERCED MUNICIPAL AIRPORT, CA US","37.28472","-120.51278","46.3","2018-09-12","3.5",",,W","0.0",",,W",,,"29.4",",,W","11.7",",,W",,,,,,,,
"USW00023257","MERCED MUNICIPAL AIRPORT, CA US","37.28472","-120.51278","46.3","2018-09-13","1.9",",,W","0.0",",,W",,,"27.8",",,W","8.9",",,W",,,,,,,"    1",",,W"
"USW00023257","MERCED MUNICIPAL AIRPORT, CA US","37.28472","-120.51278","46.3","2018-09-14","2.6",",,W","0.0",",,W",,,"28.9",",,W","11.7",",,W",,,,,,,,
"USW00023257","MERCED MUNICIPAL AIRPORT, CA US","37.28472","-120.51278","46.3","2018-09-15","3.1",",,W","0.0",",,W",,,"27.8",",,W","12.2",",,W",,,,,,,,
"USW00023257","MERCED MUNICIPAL AIRPORT, CA US","37.28472","-120.51278","46.3","2018-09-16","3.6",",,W","0.0",",,D",,,"28.3",",,D","10.0",",,D",,,,,,,,
"USW00023257","MERCED MUNICIPAL AIRPORT, CA US","37.28472","-120.51278","46.3","2018-09-17","2.9",",,W","0.0",",,D",,,"30.0",",,D","10.6",",,D",,,,,,,,
"USW00023257","MERCED MUNICIPAL AIRPORT, CA US","37.28472","-120.51278","46.3","2018-09-18","3.2",",,W","0.0",",,D",,,"29.4",",,D","12.2",",,D",,,,,,,,
"USW00023257","MERCED MUNICIPAL AIRPORT, CA US","37.28472","-120.51278","46.3","2018-09-19","2.9",",,W","0.0",",,D",,,"30.0",",,D","10.0",",,D",,,,,,,,
"USW00023257","MERCED MUNICIPAL AIRPORT, CA US","37.28472","-120.51278","46.3","2018-09-20","1.3",",,W","0.0",",,D",,,"32.2",",,D","10.6",",,D",,,,,,,,
"USW00023257","MERCED MUNICIPAL AIRPORT, CA US","37.28472","-120.51278","46.3","2018-09-21","1.7",",,W","0.0",",,D",,,"35.0",",,D","11.1",",,D",,,,,,,,
"USW00023257","MERCED MUNICIPAL AIRPORT, CA US","37.28472","-120.51278","46.3","2018-09-22","1.9",",,W","0.0",",,D",,,"35.0",",,D","11.7",",,D",,,,,,,"    1",",,W"
"USW00023257","MERCED MUNICIPAL AIRPORT, CA US","37.28472","-120.51278","46.3","2018-09-23","2.1",",,W","0.0",",,D",,,"34.4",",,D","12.8",",,D",,,,,,,,
"USW00023257","MERCED MUNICIPAL AIRPORT, CA US","37.28472","-120.51278","46.3","2018-09-24","2.0",",,W","0.0",",,D",,,"33.3",",,D","11.1",",,D",,,,,,,,
"USW00023257","MERCED MUNICIPAL AIRPORT, CA US","37.28472","-120.51278","46.3","2018-09-25","1.8",",,W","0.0",",,D",,,"34.4",",,D","12.2",",,D",,,,,,,,
"USW00023257","MERCED MUNICIPAL AIRPORT, CA US","37.28472","-120.51278","46.3","2018-09-26","1.1",",,W","0.0",",,D",,,"35.6",",,D","11.7",",,D",,,,,,,"    1",",,W"
"USW00023257","MERCED MUNICIPAL AIRPORT, CA US","37.28472","-120.51278","46.3","2018-09-27","1.3",",,W","0.0",",,D",,,"36.1",",,D","12.2",",,D",,,,,,,,
"USW00023257","MERCED MUNICIPAL AIRPORT, CA US","37.28472","-120.51278","46.3","2018-09-28","3.0",",,W","0.0",",,D",,,"32.2",",,D","13.3",",,D","    1",",,W",,,,,"    1",",,W"
"USW00023257","MERCED MUNICIPAL AIRPORT, CA US","37.28472","-120.51278","46.3","2018-09-29","3.0",",,W","0.0",",,D",,,"26.1",",,D","11.7",",,D",,,,,,,,
"USW00023257","MERCED MUNICIPAL AIRPORT, CA US","37.28472","-120.51278","46.3","2018-09-30","2.3",",,W","0.0",",,D",,,"27.8",",,D","12.8",",,D",,,,,,,,
